[
  {
    "id": 38,
    "name": "Eternal Battlegrounds",
    "min_level": 80,
    "max_level": 80,
    "default_floor": 3,
    "type": "Center",
    "floors": [
      3
    ],
    "region_id": 7,
    "region_name": "World vs. World",
    "continent_id": 2,
    "continent_name": "Mists",
    "map_rect": [
      [
        -36864,
        -36864
      ],
      [
        36864,
        36864
      ]
    ],
    "continent_rect": [
      [
        8958,
        12798
      ],
      [
        12030,
        15870
      ]
    ]
  },
  {
    "id": 95,
    "name": " Alpine Borderlands",
    "min_level": 80,
    "max_level": 80,
    "default_floor": 3,
    "type": "GreenHome",
    "floors": [
      3
    ],
    "region_id": 7,
    "region_name": "World vs. World",
    "continent_id": 2,
    "continent_name": "Mists",
    "map_rect": [
      [
        -30720,
        -43008
      ],
      [
        30720,
        43008
      ]
    ],
    "continent_rect": [
      [
        5630,
        11518
      ],
      [
        8190,
        15102
      ]
    ]
  },
  {
    "id": 96,
    "name": " Alpine Borderlands",
    "min_level": 80,
    "max_level": 80,
    "default_floor": 3,
    "type": "BlueHome",
    "floors": [
      3
    ],
    "region_id": 7,
    "region_name": "World vs. World",
    "continent_id": 2,
    "continent_name": "Mists",
    "map_rect": [
      [
        -30720,
        -43008
      ],
      [
        30720,
        43008
      ]
    ],
    "continent_rect": [
      [
        12798,
        10878
      ],
      [
        15358,
        14462
      ]
    ]
  },
  {
    "id": 1099,
    "name": " Desert Borderlands",
    "min_level": 80,
    "max_level": 80,
    "default_floor": 3,
    "type": "RedHome",
    "floors": [
      3
    ],
    "region_id": 7,
    "region_name": "World vs. World",
    "continent_id": 2,
    "continent_name": "Mists",
    "map_rect": [
      [
        -36864,
        -36864
      ],
      [
        36864,
        36864
      ]
    ],
    "continent_rect": [
      [
        9214,
        8958
      ],
      [
        12286,
        12030
      ]
    ]
  }
]