{
  "id": "1-1",
  "start_time": "2017-05-27T02:00:00Z",
  "end_time": "2017-06-03T01:58:00Z",
  "scores": {
    "red": 119417,
    "blue": 129823,
    "green": 77777
  },
  "worlds": {
    "red": 1003,
    "blue": 1019,
    "green": 1008
  },
  "all_worlds": {
    "red": [
      1020,
      1003
    ],
    "blue": [
      1019
    ],
    "green": [
      1008
    ]
  },
  "deaths": {
    "red": 13773,
    "blue": 9598,
    "green": 7714
  },
  "kills": {
    "red": 8996,
    "blue": 15088,
    "green": 5831
  },
  "victory_points": {
    "red": 84,
    "blue": 86,
    "green": 58
  },
  "skirmishes": [
    {
      "id": 1,
      "scores": {
        "red": 7814,
        "blue": 7122,
        "green": 4957
      },
      "map_scores": [
        {
          "type": "Center",
          "scores": {
            "red": 2234,
            "blue": 2407,
            "green": 1581
          }
        },
        {
          "type": "BlueHome",
          "scores": {
            "red": 1847,
            "blue": 1287,
            "green": 1520
          }
        },
        {
          "type": "GreenHome",
          "scores": {
            "red": 1273,
            "blue": 2038,
            "green": 1436
          }
        },
        {
          "type": "RedHome",
          "scores": {
            "red": 2460,
            "blue": 1390,
            "green": 420
          }
        }
      ]
    },
    {
      "id": 2,
      "scores": {
        "red": 9182,
        "blue": 5978,
        "green": 3763
      },
      "map_scores": [
        {
          "type": "Center",
          "scores": {
            "red": 3103,
            "blue": 2493,
            "green": 1752
          }
        },
        {
          "type": "BlueHome",
          "scores": {
            "red": 1943,
            "blue": 1692,
            "green": 459
          }
        },
        {
          "type": "GreenHome",
          "scores": {
            "red": 1569,
            "blue": 1028,
            "green": 1212
          }
        },
        {
          "type": "RedHome",
          "scores": {
            "red": 2567,
            "blue": 765,
            "green": 340
          }
        }
      ]
    },
    {
      "id": 3,
      "scores": {
        "red": 7554,
        "blue": 4366,
        "green": 3415
      },
      "map_scores": [
        {
          "type": "Center",
          "scores": {
            "red": 3182,
            "blue": 1798,
            "green": 1410
          }
        },
        {
          "type": "BlueHome",
          "scores": {
            "red": 1164,
            "blue": 1731,
            "green": 226
          }
        },
        {
          "type": "GreenHome",
          "scores": {
            "red": 915,
            "blue": 345,
            "green": 1461
          }
        },
        {
          "type": "RedHome",
          "scores": {
            "red": 2293,
            "blue": 492,
            "green": 318
          }
        }
      ]
    },
    {
      "id": 4,
      "scores": {
        "red": 6743,
        "blue": 3848,
        "green": 4007
      },
      "map_scores": [
        {
          "type": "Center",
          "scores": {
            "red": 2949,
            "blue": 1689,
            "green": 1655
          }
        },
        {
          "type": "BlueHome",
          "scores": {
            "red": 1019,
            "blue": 1581,
            "green": 170
          }
        },
        {
          "type": "GreenHome",
          "scores": {
            "red": 442,
            "blue": 205,
            "green": 1913
          }
        },
        {
          "type": "RedHome",
          "scores": {
            "red": 2333,
            "blue": 373,
            "green": 269
          }
        }
      ]
    },
    {
      "id": 5,
      "scores": {
        "red": 5482,
        "blue": 4511,
        "green": 4444
      },
      "map_scores": [
        {
          "type": "Center",
          "scores": {
            "red": 2154,
            "blue": 1931,
            "green": 2223
          }
        },
        {
          "type": "BlueHome",
          "scores": {
            "red": 383,
            "blue": 2068,
            "green": 116
          }
        },
        {
          "type": "GreenHome",
          "scores": {
            "red": 497,
            "blue": 175,
            "green": 1964
          }
        },
        {
          "type": "RedHome",
          "scores": {
            "red": 2448,
            "blue": 337,
            "green": 141
          }
        }
      ]
    },
    {
      "id": 6,
      "scores": {
        "red": 5279,
        "blue": 5876,
        "green": 4307
      },
      "map_scores": [
        {
          "type": "Center",
          "scores": {
            "red": 1888,
            "blue": 2687,
            "green": 1702
          }
        },
        {
          "type": "BlueHome",
          "scores": {
            "red": 574,
            "blue": 2384,
            "green": 299
          }
        },
        {
          "type": "GreenHome",
          "scores": {
            "red": 333,
            "blue": 168,
            "green": 2163
          }
        },
        {
          "type": "RedHome",
          "scores": {
            "red": 2484,
            "blue": 637,
            "green": 143
          }
        }
      ]
    },
    {
      "id": 7,
      "scores": {
        "red": 6614,
        "blue": 5529,
        "green": 4448
      },
      "map_scores": [
        {
          "type": "Center",
          "scores": {
            "red": 2250,
            "blue": 2665,
            "green": 1625
          }
        },
        {
          "type": "BlueHome",
          "scores": {
            "red": 1222,
            "blue": 2337,
            "green": 300
          }
        },
        {
          "type": "GreenHome",
          "scores": {
            "red": 353,
            "blue": 243,
            "green": 2250
          }
        },
        {
          "type": "RedHome",
          "scores": {
            "red": 2789,
            "blue": 284,
            "green": 273
          }
        }
      ]
    },
    {
      "id": 8,
      "scores": {
        "red": 6898,
        "blue": 5982,
        "green": 3914
      },
      "map_scores": [
        {
          "type": "Center",
          "scores": {
            "red": 2198,
            "blue": 3538,
            "green": 1624
          }
        },
        {
          "type": "BlueHome",
          "scores": {
            "red": 956,
            "blue": 2050,
            "green": 287
          }
        },
        {
          "type": "GreenHome",
          "scores": {
            "red": 822,
            "blue": 239,
            "green": 1901
          }
        },
        {
          "type": "RedHome",
          "scores": {
            "red": 2922,
            "blue": 155,
            "green": 102
          }
        }
      ]
    },
    {
      "id": 9,
      "scores": {
        "red": 5516,
        "blue": 6027,
        "green": 4532
      },
      "map_scores": [
        {
          "type": "Center",
          "scores": {
            "red": 1755,
            "blue": 3088,
            "green": 2017
          }
        },
        {
          "type": "BlueHome",
          "scores": {
            "red": 599,
            "blue": 2305,
            "green": 226
          }
        },
        {
          "type": "GreenHome",
          "scores": {
            "red": 216,
            "blue": 279,
            "green": 2213
          }
        },
        {
          "type": "RedHome",
          "scores": {
            "red": 2946,
            "blue": 355,
            "green": 76
          }
        }
      ]
    },
    {
      "id": 10,
      "scores": {
        "red": 5310,
        "blue": 6722,
        "green": 4082
      },
      "map_scores": [
        {
          "type": "Center",
          "scores": {
            "red": 1996,
            "blue": 3241,
            "green": 1682
          }
        },
        {
          "type": "BlueHome",
          "scores": {
            "red": 287,
            "blue": 2618,
            "green": 173
          }
        },
        {
          "type": "GreenHome",
          "scores": {
            "red": 362,
            "blue": 275,
            "green": 2123
          }
        },
        {
          "type": "RedHome",
          "scores": {
            "red": 2665,
            "blue": 588,
            "green": 104
          }
        }
      ]
    },
    {
      "id": 11,
      "scores": {
        "red": 5618,
        "blue": 7103,
        "green": 4531
      },
      "map_scores": [
        {
          "type": "Center",
          "scores": {
            "red": 2141,
            "blue": 3364,
            "green": 1851
          }
        },
        {
          "type": "BlueHome",
          "scores": {
            "red": 519,
            "blue": 3246,
            "green": 169
          }
        },
        {
          "type": "GreenHome",
          "scores": {
            "red": 408,
            "blue": 186,
            "green": 2368
          }
        },
        {
          "type": "RedHome",
          "scores": {
            "red": 2550,
            "blue": 307,
            "green": 143
          }
        }
      ]
    },
    {
      "id": 12,
      "scores": {
        "red": 7152,
        "blue": 7150,
        "green": 5187
      },
      "map_scores": [
        {
          "type": "Center",
          "scores": {
            "red": 2331,
            "blue": 2924,
            "green": 1828
          }
        },
        {
          "type": "BlueHome",
          "scores": {
            "red": 910,
            "blue": 3066,
            "green": 319
          }
        },
        {
          "type": "GreenHome",
          "scores": {
            "red": 1095,
            "blue": 336,
            "green": 2915
          }
        },
        {
          "type": "RedHome",
          "scores": {
            "red": 2816,
            "blue": 824,
            "green": 125
          }
        }
      ]
    },
    {
      "id": 13,
      "scores": {
        "red": 8174,
        "blue": 9645,
        "green": 6041
      },
      "map_scores": [
        {
          "type": "Center",
          "scores": {
            "red": 2749,
            "blue": 3656,
            "green": 2830
          }
        },
        {
          "type": "BlueHome",
          "scores": {
            "red": 700,
            "blue": 2645,
            "green": 756
          }
        },
        {
          "type": "GreenHome",
          "scores": {
            "red": 1914,
            "blue": 1758,
            "green": 2318
          }
        },
        {
          "type": "RedHome",
          "scores": {
            "red": 2811,
            "blue": 1586,
            "green": 137
          }
        }
      ]
    },
    {
      "id": 14,
      "scores": {
        "red": 5027,
        "blue": 8232,
        "green": 4356
      },
      "map_scores": [
        {
          "type": "Center",
          "scores": {
            "red": 2255,
            "blue": 3473,
            "green": 2165
          }
        },
        {
          "type": "BlueHome",
          "scores": {
            "red": 408,
            "blue": 2465,
            "green": 152
          }
        },
        {
          "type": "GreenHome",
          "scores": {
            "red": 236,
            "blue": 1000,
            "green": 1465
          }
        },
        {
          "type": "RedHome",
          "scores": {
            "red": 2128,
            "blue": 1294,
            "green": 574
          }
        }
      ]
    },
    {
      "id": 15,
      "scores": {
        "red": 4887,
        "blue": 8166,
        "green": 2954
      },
      "map_scores": [
        {
          "type": "Center",
          "scores": {
            "red": 2299,
            "blue": 3470,
            "green": 1686
          }
        },
        {
          "type": "BlueHome",
          "scores": {
            "red": 204,
            "blue": 2521,
            "green": 195
          }
        },
        {
          "type": "GreenHome",
          "scores": {
            "red": 616,
            "blue": 1213,
            "green": 942
          }
        },
        {
          "type": "RedHome",
          "scores": {
            "red": 1768,
            "blue": 962,
            "green": 131
          }
        }
      ]
    },
    {
      "id": 16,
      "scores": {
        "red": 4321,
        "blue": 8137,
        "green": 2959
      },
      "map_scores": [
        {
          "type": "Center",
          "scores": {
            "red": 1955,
            "blue": 3282,
            "green": 1929
          }
        },
        {
          "type": "BlueHome",
          "scores": {
            "red": 92,
            "blue": 2717,
            "green": 144
          }
        },
        {
          "type": "GreenHome",
          "scores": {
            "red": 214,
            "blue": 1573,
            "green": 816
          }
        },
        {
          "type": "RedHome",
          "scores": {
            "red": 2060,
            "blue": 565,
            "green": 70
          }
        }
      ]
    },
    {
      "id": 17,
      "scores": {
        "red": 5190,
        "blue": 7007,
        "green": 2724
      },
      "map_scores": [
        {
          "type": "Center",
          "scores": {
            "red": 1741,
            "blue": 3026,
            "green": 1547
          }
        },
        {
          "type": "BlueHome",
          "scores": {
            "red": 355,
            "blue": 2499,
            "green": 90
          }
        },
        {
          "type": "GreenHome",
          "scores": {
            "red": 617,
            "blue": 1300,
            "green": 909
          }
        },
        {
          "type": "RedHome",
          "scores": {
            "red": 2477,
            "blue": 182,
            "green": 178
          }
        }
      ]
    },
    {
      "id": 18,
      "scores": {
        "red": 4710,
        "blue": 7698,
        "green": 2870
      },
      "map_scores": [
        {
          "type": "Center",
          "scores": {
            "red": 1796,
            "blue": 3484,
            "green": 1217
          }
        },
        {
          "type": "BlueHome",
          "scores": {
            "red": 131,
            "blue": 2738,
            "green": 174
          }
        },
        {
          "type": "GreenHome",
          "scores": {
            "red": 305,
            "blue": 1177,
            "green": 1186
          }
        },
        {
          "type": "RedHome",
          "scores": {
            "red": 2478,
            "blue": 299,
            "green": 293
          }
        }
      ]
    },
    {
      "id": 19,
      "scores": {
        "red": 5404,
        "blue": 7316,
        "green": 2948
      },
      "map_scores": [
        {
          "type": "Center",
          "scores": {
            "red": 2086,
            "blue": 3244,
            "green": 1185
          }
        },
        {
          "type": "BlueHome",
          "scores": {
            "red": 190,
            "blue": 2487,
            "green": 312
          }
        },
        {
          "type": "GreenHome",
          "scores": {
            "red": 542,
            "blue": 1187,
            "green": 1339
          }
        },
        {
          "type": "RedHome",
          "scores": {
            "red": 2586,
            "blue": 398,
            "green": 112
          }
        }
      ]
    },
    {
      "id": 20,
      "scores": {
        "red": 2542,
        "blue": 3408,
        "green": 1338
      },
      "map_scores": [
        {
          "type": "Center",
          "scores": {
            "red": 805,
            "blue": 1377,
            "green": 593
          }
        },
        {
          "type": "BlueHome",
          "scores": {
            "red": 207,
            "blue": 1287,
            "green": 37
          }
        },
        {
          "type": "GreenHome",
          "scores": {
            "red": 240,
            "blue": 604,
            "green": 697
          }
        },
        {
          "type": "RedHome",
          "scores": {
            "red": 1290,
            "blue": 140,
            "green": 11
          }
        }
      ]
    }
  ],
  "maps": [
    {
      "id": 38,
      "type": "Center",
      "scores": {
        "red": 43867,
        "blue": 56837,
        "green": 34102
      },
      "bonuses": [],
      "objectives": [
        {
          "id": "38-20",
          "type": "Tower",
          "owner": "Red",
          "last_flipped": "2017-05-27T02:03:43Z",
          "claimed_by": "BAF00047-B057-48E0-9414-9F3BE9211C7D",
          "claimed_at": "2017-05-27T02:05:05Z",
          "points_tick": 10,
          "points_capture": 10,
          "yaks_delivered": 140,
          "guild_upgrades": [
            583,
            147,
            483,
            513,
            399,
            389
          ]
        },
        {
          "id": "38-10",
          "type": "Camp",
          "owner": "Green",
          "last_flipped": "2017-05-28T16:46:26Z",
          "claimed_by": null,
          "claimed_at": null,
          "points_tick": 2,
          "points_capture": 2,
          "yaks_delivered": 12,
          "guild_upgrades": []
        },
        {
          "id": "38-9",
          "type": "Castle",
          "owner": "Blue",
          "last_flipped": "2017-05-27T13:29:36Z",
          "claimed_by": "77CC24D8-53CE-E311-863C-E4115BDF481D",
          "claimed_at": "2017-05-27T13:31:00Z",
          "points_tick": 30,
          "points_capture": 30,
          "yaks_delivered": 140,
          "guild_upgrades": [
            183,
            147,
            483,
            298,
            345,
            389
          ]
        },
        {
          "id": "38-4",
          "type": "Camp",
          "owner": "Green",
          "last_flipped": "2017-05-28T16:48:59Z",
          "claimed_by": null,
          "claimed_at": null,
          "points_tick": 2,
          "points_capture": 2,
          "yaks_delivered": 10,
          "guild_upgrades": []
        },
        {
          "id": "38-6",
          "type": "Camp",
          "owner": "Red",
          "last_flipped": "2017-05-28T16:37:01Z",
          "claimed_by": "260D021E-F008-E611-80D4-E4115BDFF975",
          "claimed_at": "2017-05-28T16:43:35Z",
          "points_tick": 2,
          "points_capture": 2,
          "yaks_delivered": 17,
          "guild_upgrades": []
        },
        {
          "id": "38-11",
          "type": "Tower",
          "owner": "Green",
          "last_flipped": "2017-05-28T16:35:29Z",
          "claimed_by": "A8A72A6A-1E99-4FF2-80A4-A6F66F856BFE",
          "claimed_at": "2017-05-28T16:36:03Z",
          "points_tick": 4,
          "points_capture": 4,
          "yaks_delivered": 7,
          "guild_upgrades": []
        },
        {
          "id": "38-5",
          "type": "Camp",
          "owner": "Red",
          "last_flipped": "2017-05-28T16:34:59Z",
          "claimed_by": null,
          "claimed_at": null,
          "points_tick": 3,
          "points_capture": 3,
          "yaks_delivered": 33,
          "guild_upgrades": []
        },
        {
          "id": "38-12",
          "type": "Tower",
          "owner": "Green",
          "last_flipped": "2017-05-28T15:54:30Z",
          "claimed_by": "0FC70DDF-8B5E-454A-B79E-728342A61782",
          "claimed_at": "2017-05-28T15:54:52Z",
          "points_tick": 6,
          "points_capture": 6,
          "yaks_delivered": 25,
          "guild_upgrades": []
        },
        {
          "id": "38-16",
          "type": "Tower",
          "owner": "Green",
          "last_flipped": "2017-05-28T16:53:53Z",
          "claimed_by": null,
          "claimed_at": null,
          "points_tick": 4,
          "points_capture": 4,
          "yaks_delivered": 1,
          "guild_upgrades": []
        },
        {
          "id": "38-8",
          "type": "Camp",
          "owner": "Blue",
          "last_flipped": "2017-05-28T16:47:02Z",
          "claimed_by": "E371F962-79A0-45F7-8FFF-5A928B6BF553",
          "claimed_at": "2017-05-28T16:51:24Z",
          "points_tick": 2,
          "points_capture": 2,
          "yaks_delivered": 11,
          "guild_upgrades": []
        },
        {
          "id": "38-1",
          "type": "Keep",
          "owner": "Red",
          "last_flipped": "2017-05-27T02:03:43Z",
          "claimed_by": "74EADB7E-4589-4249-BBC1-8EFD265220ED",
          "claimed_at": "2017-05-27T02:04:58Z",
          "points_tick": 20,
          "points_capture": 20,
          "yaks_delivered": 140,
          "guild_upgrades": [
            418,
            329,
            483,
            178,
            590,
            389
          ]
        },
        {
          "id": "38-22",
          "type": "Tower",
          "owner": "Blue",
          "last_flipped": "2017-05-27T06:49:38Z",
          "claimed_by": "8C45509E-81BD-423C-84A9-E3844D748D0A",
          "claimed_at": "2017-05-27T06:49:41Z",
          "points_tick": 10,
          "points_capture": 10,
          "yaks_delivered": 140,
          "guild_upgrades": [
            583,
            147,
            483,
            513,
            345,
            306
          ]
        },
        {
          "id": "38-17",
          "type": "Tower",
          "owner": "Red",
          "last_flipped": "2017-05-28T16:02:04Z",
          "claimed_by": null,
          "claimed_at": null,
          "points_tick": 4,
          "points_capture": 4,
          "yaks_delivered": 11,
          "guild_upgrades": []
        },
        {
          "id": "38-14",
          "type": "Tower",
          "owner": "Green",
          "last_flipped": "2017-05-28T16:17:06Z",
          "claimed_by": null,
          "claimed_at": null,
          "points_tick": 4,
          "points_capture": 4,
          "yaks_delivered": 16,
          "guild_upgrades": []
        },
        {
          "id": "38-19",
          "type": "Tower",
          "owner": "Red",
          "last_flipped": "2017-05-28T12:27:11Z",
          "claimed_by": "95728EFE-59E1-40C5-8E73-7F8D38AF1C3C",
          "claimed_at": "2017-05-28T16:41:20Z",
          "points_tick": 10,
          "points_capture": 10,
          "yaks_delivered": 140,
          "guild_upgrades": [
            583
          ]
        },
        {
          "id": "38-3",
          "type": "Keep",
          "owner": "Green",
          "last_flipped": "2017-05-28T15:25:39Z",
          "claimed_by": "A2812D1B-48F9-E411-AA11-AC162DAAE275",
          "claimed_at": "2017-05-28T15:25:43Z",
          "points_tick": 12,
          "points_capture": 12,
          "yaks_delivered": 45,
          "guild_upgrades": []
        },
        {
          "id": "38-18",
          "type": "Tower",
          "owner": "Red",
          "last_flipped": "2017-05-28T16:35:36Z",
          "claimed_by": "E0CA6580-FFEC-406E-B738-B477B1FE9C78",
          "claimed_at": "2017-05-28T16:36:25Z",
          "points_tick": 4,
          "points_capture": 4,
          "yaks_delivered": 4,
          "guild_upgrades": []
        },
        {
          "id": "38-21",
          "type": "Tower",
          "owner": "Blue",
          "last_flipped": "2017-05-28T12:56:51Z",
          "claimed_by": "5F323680-A602-4FDE-81C6-DAC5DB9728D2",
          "claimed_at": "2017-05-28T12:56:54Z",
          "points_tick": 6,
          "points_capture": 6,
          "yaks_delivered": 35,
          "guild_upgrades": [
            583,
            483,
            345,
            513,
            306
          ]
        },
        {
          "id": "38-2",
          "type": "Keep",
          "owner": "Blue",
          "last_flipped": "2017-05-27T05:40:46Z",
          "claimed_by": "4F273D3A-755E-40A3-BA7E-1658FBAEB6AF",
          "claimed_at": "2017-05-27T05:41:20Z",
          "points_tick": 20,
          "points_capture": 20,
          "yaks_delivered": 140,
          "guild_upgrades": [
            418,
            147,
            483,
            178,
            345,
            306
          ]
        },
        {
          "id": "38-7",
          "type": "Camp",
          "owner": "Green",
          "last_flipped": "2017-05-28T16:51:06Z",
          "claimed_by": null,
          "claimed_at": null,
          "points_tick": 2,
          "points_capture": 2,
          "yaks_delivered": 1,
          "guild_upgrades": []
        },
        {
          "id": "38-13",
          "type": "Tower",
          "owner": "Green",
          "last_flipped": "2017-05-28T16:11:57Z",
          "claimed_by": null,
          "claimed_at": null,
          "points_tick": 4,
          "points_capture": 4,
          "yaks_delivered": 12,
          "guild_upgrades": []
        },
        {
          "id": "38-15",
          "type": "Tower",
          "owner": "Blue",
          "last_flipped": "2017-05-27T02:03:43Z",
          "claimed_by": "B5484325-61E9-E311-9621-AC162DAE8ACD",
          "claimed_at": "2017-05-28T13:54:55Z",
          "points_tick": 10,
          "points_capture": 10,
          "yaks_delivered": 140,
          "guild_upgrades": [
            583,
            147,
            483,
            513,
            345,
            306
          ]
        }
      ],
      "deaths": {
        "red": 6643,
        "blue": 3664,
        "green": 3775
      },
      "kills": {
        "red": 3107,
        "blue": 8200,
        "green": 2538
      }
    },
    {
      "id": 96,
      "type": "BlueHome",
      "scores": {
        "red": 13710,
        "blue": 45724,
        "green": 6124
      },
      "bonuses": [
        {
          "type": "Bloodlust",
          "owner": "Blue"
        }
      ],
      "objectives": [
        {
          "id": "96-53",
          "type": "Camp",
          "owner": "Blue",
          "last_flipped": "2017-05-28T16:48:37Z",
          "claimed_by": "E371F962-79A0-45F7-8FFF-5A928B6BF553",
          "claimed_at": "2017-05-28T16:56:26Z",
          "points_tick": 2,
          "points_capture": 2,
          "yaks_delivered": 2,
          "guild_upgrades": []
        },
        {
          "id": "96-40",
          "type": "Tower",
          "owner": "Blue",
          "last_flipped": "2017-05-27T04:15:00Z",
          "claimed_by": "162F8289-1C57-E511-A34A-E4115BDF481D",
          "claimed_at": "2017-05-27T04:45:46Z",
          "points_tick": 10,
          "points_capture": 10,
          "yaks_delivered": 140,
          "guild_upgrades": [
            583,
            147,
            483,
            513,
            345,
            306
          ]
        },
        {
          "id": "96-35",
          "type": "Tower",
          "owner": "Red",
          "last_flipped": "2017-05-28T16:34:01Z",
          "claimed_by": "95728EFE-59E1-40C5-8E73-7F8D38AF1C3C",
          "claimed_at": "2017-05-28T16:34:07Z",
          "points_tick": 4,
          "points_capture": 4,
          "yaks_delivered": 2,
          "guild_upgrades": []
        },
        {
          "id": "96-36",
          "type": "Tower",
          "owner": "Blue",
          "last_flipped": "2017-05-28T16:43:31Z",
          "claimed_by": null,
          "claimed_at": null,
          "points_tick": 4,
          "points_capture": 4,
          "yaks_delivered": 2,
          "guild_upgrades": []
        },
        {
          "id": "96-33",
          "type": "Keep",
          "owner": "Blue",
          "last_flipped": "2017-05-28T03:43:56Z",
          "claimed_by": "1488A35C-16BA-E411-BE98-E4115BDFC985",
          "claimed_at": "2017-05-28T04:05:37Z",
          "points_tick": 20,
          "points_capture": 20,
          "yaks_delivered": 140,
          "guild_upgrades": [
            418,
            147,
            559,
            178,
            399,
            389
          ]
        },
        {
          "id": "96-111",
          "type": "Spawn",
          "owner": "Blue",
          "last_flipped": "2017-05-27T02:03:44Z",
          "points_tick": 0,
          "points_capture": 0
        },
        {
          "id": "96-64",
          "type": "Ruins",
          "owner": "Red",
          "last_flipped": "2017-05-28T16:54:48Z",
          "points_tick": 0,
          "points_capture": 0
        },
        {
          "id": "96-39",
          "type": "Camp",
          "owner": "Red",
          "last_flipped": "2017-05-28T16:53:22Z",
          "claimed_by": null,
          "claimed_at": null,
          "points_tick": 2,
          "points_capture": 2,
          "yaks_delivered": 0,
          "guild_upgrades": []
        },
        {
          "id": "96-52",
          "type": "Camp",
          "owner": "Red",
          "last_flipped": "2017-05-28T16:50:55Z",
          "claimed_by": "9CD56C25-D153-E511-A34A-E4115BDF481D",
          "claimed_at": "2017-05-28T16:51:00Z",
          "points_tick": 2,
          "points_capture": 2,
          "yaks_delivered": 0,
          "guild_upgrades": []
        },
        {
          "id": "96-66",
          "type": "Ruins",
          "owner": "Neutral",
          "last_flipped": "2017-05-28T15:19:43Z",
          "points_tick": 0,
          "points_capture": 0
        },
        {
          "id": "96-112",
          "type": "Spawn",
          "owner": "Red",
          "last_flipped": "2017-05-27T02:03:44Z",
          "points_tick": 0,
          "points_capture": 0
        },
        {
          "id": "96-34",
          "type": "Camp",
          "owner": "Blue",
          "last_flipped": "2017-05-28T16:51:44Z",
          "claimed_by": null,
          "claimed_at": null,
          "points_tick": 2,
          "points_capture": 2,
          "yaks_delivered": 0,
          "guild_upgrades": []
        },
        {
          "id": "96-32",
          "type": "Keep",
          "owner": "Blue",
          "last_flipped": "2017-05-28T05:56:37Z",
          "claimed_by": "4BA42E0B-95A1-44D3-B515-4A59E2883329",
          "claimed_at": "2017-05-28T06:13:03Z",
          "points_tick": 20,
          "points_capture": 20,
          "yaks_delivered": 140,
          "guild_upgrades": [
            418,
            147,
            559,
            178,
            399,
            389
          ]
        },
        {
          "id": "96-62",
          "type": "Ruins",
          "owner": "Blue",
          "last_flipped": "2017-05-28T16:54:34Z",
          "points_tick": 0,
          "points_capture": 0
        },
        {
          "id": "96-51",
          "type": "Camp",
          "owner": "Red",
          "last_flipped": "2017-05-28T16:49:58Z",
          "claimed_by": null,
          "claimed_at": null,
          "points_tick": 2,
          "points_capture": 2,
          "yaks_delivered": 0,
          "guild_upgrades": []
        },
        {
          "id": "96-37",
          "type": "Keep",
          "owner": "Blue",
          "last_flipped": "2017-05-27T02:53:59Z",
          "claimed_by": "51E8E608-62E7-4495-B8A8-33C0BE4FB708",
          "claimed_at": "2017-05-28T13:33:45Z",
          "points_tick": 20,
          "points_capture": 20,
          "yaks_delivered": 140,
          "guild_upgrades": [
            418,
            147,
            483,
            178,
            345,
            306
          ]
        },
        {
          "id": "96-103",
          "type": "Spawn",
          "owner": "Green",
          "last_flipped": "2017-05-27T02:03:44Z",
          "points_tick": 0,
          "points_capture": 0
        },
        {
          "id": "96-65",
          "type": "Ruins",
          "owner": "Red",
          "last_flipped": "2017-05-28T16:56:43Z",
          "points_tick": 0,
          "points_capture": 0
        },
        {
          "id": "96-38",
          "type": "Tower",
          "owner": "Blue",
          "last_flipped": "2017-05-27T07:29:09Z",
          "claimed_by": "F0A65814-DA18-4A9F-8010-F60EA05DA5A2",
          "claimed_at": "2017-05-27T08:24:29Z",
          "points_tick": 10,
          "points_capture": 10,
          "yaks_delivered": 140,
          "guild_upgrades": [
            583,
            147,
            483,
            513,
            399,
            306
          ]
        },
        {
          "id": "96-50",
          "type": "Camp",
          "owner": "Blue",
          "last_flipped": "2017-05-28T16:55:15Z",
          "claimed_by": null,
          "claimed_at": null,
          "points_tick": 2,
          "points_capture": 2,
          "yaks_delivered": 0,
          "guild_upgrades": []
        },
        {
          "id": "96-63",
          "type": "Ruins",
          "owner": "Neutral",
          "last_flipped": "2017-05-28T16:55:49Z",
          "points_tick": 0,
          "points_capture": 0
        }
      ],
      "deaths": {
        "red": 2583,
        "blue": 2532,
        "green": 1015
      },
      "kills": {
        "red": 2125,
        "blue": 2745,
        "green": 1064
      }
    },
    {
      "id": 95,
      "type": "GreenHome",
      "scores": {
        "red": 12969,
        "blue": 15329,
        "green": 33591
      },
      "bonuses": [
        {
          "type": "Bloodlust",
          "owner": "Green"
        }
      ],
      "objectives": [
        {
          "id": "95-53",
          "type": "Camp",
          "owner": "Blue",
          "last_flipped": "2017-05-28T16:46:47Z",
          "claimed_by": "01B107A0-DDC5-E511-80D4-E4115BD19D24",
          "claimed_at": "2017-05-28T16:50:48Z",
          "points_tick": 2,
          "points_capture": 2,
          "yaks_delivered": 3,
          "guild_upgrades": []
        },
        {
          "id": "95-40",
          "type": "Tower",
          "owner": "Green",
          "last_flipped": "2017-05-27T17:51:21Z",
          "claimed_by": "BAF85407-0DD8-4968-B278-B5BDB0FDD438",
          "claimed_at": "2017-05-27T18:50:54Z",
          "points_tick": 10,
          "points_capture": 10,
          "yaks_delivered": 140,
          "guild_upgrades": [
            583,
            483,
            345,
            513
          ]
        },
        {
          "id": "95-35",
          "type": "Tower",
          "owner": "Red",
          "last_flipped": "2017-05-28T16:34:03Z",
          "claimed_by": null,
          "claimed_at": null,
          "points_tick": 4,
          "points_capture": 4,
          "yaks_delivered": 6,
          "guild_upgrades": []
        },
        {
          "id": "95-36",
          "type": "Tower",
          "owner": "Red",
          "last_flipped": "2017-05-28T16:28:38Z",
          "claimed_by": "023AF53C-94A9-465F-8AAA-961D4714B6F3",
          "claimed_at": "2017-05-28T16:28:56Z",
          "points_tick": 4,
          "points_capture": 4,
          "yaks_delivered": 15,
          "guild_upgrades": []
        },
        {
          "id": "95-33",
          "type": "Keep",
          "owner": "Blue",
          "last_flipped": "2017-05-28T05:16:40Z",
          "claimed_by": "68CD5CAF-41CC-E411-A32A-E4115BDFA895",
          "claimed_at": "2017-05-28T08:00:57Z",
          "points_tick": 20,
          "points_capture": 20,
          "yaks_delivered": 140,
          "guild_upgrades": [
            418,
            147,
            483,
            178,
            345,
            389
          ]
        },
        {
          "id": "95-111",
          "type": "Spawn",
          "owner": "Green",
          "last_flipped": "2017-05-27T02:03:45Z",
          "points_tick": 0,
          "points_capture": 0
        },
        {
          "id": "95-64",
          "type": "Ruins",
          "owner": "Neutral",
          "last_flipped": "2017-05-28T16:06:00Z",
          "points_tick": 0,
          "points_capture": 0
        },
        {
          "id": "95-39",
          "type": "Camp",
          "owner": "Red",
          "last_flipped": "2017-05-28T16:53:36Z",
          "claimed_by": "6684362D-E310-E511-9021-E4115BDFA895",
          "claimed_at": "2017-05-28T16:53:42Z",
          "points_tick": 2,
          "points_capture": 2,
          "yaks_delivered": 0,
          "guild_upgrades": []
        },
        {
          "id": "95-52",
          "type": "Camp",
          "owner": "Green",
          "last_flipped": "2017-05-28T16:55:00Z",
          "claimed_by": "0FC70DDF-8B5E-454A-B79E-728342A61782",
          "claimed_at": "2017-05-28T16:55:05Z",
          "points_tick": 2,
          "points_capture": 2,
          "yaks_delivered": 0,
          "guild_upgrades": []
        },
        {
          "id": "95-66",
          "type": "Ruins",
          "owner": "Neutral",
          "last_flipped": "2017-05-28T16:13:20Z",
          "points_tick": 0,
          "points_capture": 0
        },
        {
          "id": "95-112",
          "type": "Spawn",
          "owner": "Blue",
          "last_flipped": "2017-05-27T02:03:45Z",
          "points_tick": 0,
          "points_capture": 0
        },
        {
          "id": "95-34",
          "type": "Camp",
          "owner": "Blue",
          "last_flipped": "2017-05-28T16:55:49Z",
          "claimed_by": null,
          "claimed_at": null,
          "points_tick": 2,
          "points_capture": 2,
          "yaks_delivered": 0,
          "guild_upgrades": []
        },
        {
          "id": "95-32",
          "type": "Keep",
          "owner": "Green",
          "last_flipped": "2017-05-28T15:46:02Z",
          "claimed_by": "29877BDC-3536-463F-9F6D-AFFDDD44C6F4",
          "claimed_at": "2017-05-28T15:46:06Z",
          "points_tick": 8,
          "points_capture": 8,
          "yaks_delivered": 8,
          "guild_upgrades": []
        },
        {
          "id": "95-62",
          "type": "Ruins",
          "owner": "Neutral",
          "last_flipped": "2017-05-28T15:48:04Z",
          "points_tick": 0,
          "points_capture": 0
        },
        {
          "id": "95-51",
          "type": "Camp",
          "owner": "Green",
          "last_flipped": "2017-05-28T16:52:37Z",
          "claimed_by": null,
          "claimed_at": null,
          "points_tick": 2,
          "points_capture": 2,
          "yaks_delivered": 0,
          "guild_upgrades": []
        },
        {
          "id": "95-37",
          "type": "Keep",
          "owner": "Green",
          "last_flipped": "2017-05-28T14:03:30Z",
          "claimed_by": "A2812D1B-48F9-E411-AA11-AC162DAAE275",
          "claimed_at": "2017-05-28T15:09:08Z",
          "points_tick": 16,
          "points_capture": 16,
          "yaks_delivered": 111,
          "guild_upgrades": [
            483,
            389
          ]
        },
        {
          "id": "95-103",
          "type": "Spawn",
          "owner": "Red",
          "last_flipped": "2017-05-27T02:03:45Z",
          "points_tick": 0,
          "points_capture": 0
        },
        {
          "id": "95-65",
          "type": "Ruins",
          "owner": "Green",
          "last_flipped": "2017-05-28T16:55:17Z",
          "points_tick": 0,
          "points_capture": 0
        },
        {
          "id": "95-38",
          "type": "Tower",
          "owner": "Green",
          "last_flipped": "2017-05-28T12:00:31Z",
          "claimed_by": "A9F148D4-E585-4034-801A-4C4D51CC1321",
          "claimed_at": "2017-05-28T12:30:17Z",
          "points_tick": 8,
          "points_capture": 8,
          "yaks_delivered": 61,
          "guild_upgrades": []
        },
        {
          "id": "95-50",
          "type": "Camp",
          "owner": "Red",
          "last_flipped": "2017-05-28T16:40:59Z",
          "claimed_by": "9CD56C25-D153-E511-A34A-E4115BDF481D",
          "claimed_at": "2017-05-28T16:41:03Z",
          "points_tick": 2,
          "points_capture": 2,
          "yaks_delivered": 7,
          "guild_upgrades": []
        },
        {
          "id": "95-63",
          "type": "Ruins",
          "owner": "Neutral",
          "last_flipped": "2017-05-28T16:05:59Z",
          "points_tick": 0,
          "points_capture": 0
        }
      ],
      "deaths": {
        "red": 2469,
        "blue": 1585,
        "green": 2447
      },
      "kills": {
        "red": 1864,
        "blue": 2445,
        "green": 1931
      }
    },
    {
      "id": 1099,
      "type": "RedHome",
      "scores": {
        "red": 48871,
        "blue": 11933,
        "green": 3960
      },
      "bonuses": [
        {
          "type": "Bloodlust",
          "owner": "Red"
        }
      ],
      "objectives": [
        {
          "id": "1099-116",
          "type": "Camp",
          "owner": "Red",
          "last_flipped": "2017-05-28T16:56:41Z",
          "claimed_by": "9A733DE7-739E-E311-9621-AC162DAE8ACD",
          "claimed_at": "2017-05-28T16:56:45Z",
          "points_tick": 2,
          "points_capture": 2,
          "yaks_delivered": 0,
          "guild_upgrades": []
        },
        {
          "id": "1099-118",
          "type": "Ruins",
          "owner": "Neutral",
          "last_flipped": "2017-05-28T12:48:19Z",
          "points_tick": 0,
          "points_capture": 0
        },
        {
          "id": "1099-114",
          "type": "Keep",
          "owner": "Red",
          "last_flipped": "2017-05-28T14:30:15Z",
          "claimed_by": "F0DF29A8-9584-4BCC-B097-FA79BEF5B188",
          "claimed_at": "2017-05-28T14:40:49Z",
          "points_tick": 16,
          "points_capture": 16,
          "yaks_delivered": 75,
          "guild_upgrades": [
            147,
            483,
            178,
            345
          ]
        },
        {
          "id": "1099-107",
          "type": "Spawn",
          "owner": "Blue",
          "last_flipped": "2017-05-27T02:03:46Z",
          "points_tick": 0,
          "points_capture": 0
        },
        {
          "id": "1099-99",
          "type": "Camp",
          "owner": "Blue",
          "last_flipped": "2017-05-28T16:51:18Z",
          "claimed_by": null,
          "claimed_at": null,
          "points_tick": 2,
          "points_capture": 2,
          "yaks_delivered": 0,
          "guild_upgrades": []
        },
        {
          "id": "1099-113",
          "type": "Keep",
          "owner": "Red",
          "last_flipped": "2017-05-27T02:03:46Z",
          "claimed_by": "8169E7C2-EC3A-4936-B1FA-744A0338ECEF",
          "claimed_at": "2017-05-27T02:04:38Z",
          "points_tick": 20,
          "points_capture": 20,
          "yaks_delivered": 140,
          "guild_upgrades": [
            418,
            147,
            483,
            178,
            590,
            389
          ]
        },
        {
          "id": "1099-119",
          "type": "Ruins",
          "owner": "Neutral",
          "last_flipped": "2017-05-28T13:49:35Z",
          "points_tick": 0,
          "points_capture": 0
        },
        {
          "id": "1099-115",
          "type": "Camp",
          "owner": "Red",
          "last_flipped": "2017-05-28T16:50:56Z",
          "claimed_by": null,
          "claimed_at": null,
          "points_tick": 2,
          "points_capture": 2,
          "yaks_delivered": 4,
          "guild_upgrades": []
        },
        {
          "id": "1099-110",
          "type": "Tower",
          "owner": "Red",
          "last_flipped": "2017-05-28T16:01:40Z",
          "claimed_by": "9436AC63-3DA7-E311-A32A-E4115BDFA895",
          "claimed_at": "2017-05-28T16:01:53Z",
          "points_tick": 4,
          "points_capture": 4,
          "yaks_delivered": 16,
          "guild_upgrades": []
        },
        {
          "id": "1099-106",
          "type": "Keep",
          "owner": "Red",
          "last_flipped": "2017-05-27T09:56:28Z",
          "claimed_by": "0E24F11E-99B3-45FF-852B-2F77CB56C7A7",
          "claimed_at": "2017-05-27T09:56:46Z",
          "points_tick": 20,
          "points_capture": 20,
          "yaks_delivered": 140,
          "guild_upgrades": [
            418,
            147,
            483,
            178,
            345,
            389
          ]
        },
        {
          "id": "1099-122",
          "type": "Ruins",
          "owner": "Red",
          "last_flipped": "2017-05-28T16:55:19Z",
          "points_tick": 0,
          "points_capture": 0
        },
        {
          "id": "1099-105",
          "type": "Tower",
          "owner": "Red",
          "last_flipped": "2017-05-28T16:54:22Z",
          "claimed_by": "260D021E-F008-E611-80D4-E4115BDFF975",
          "claimed_at": "2017-05-28T16:55:10Z",
          "points_tick": 4,
          "points_capture": 4,
          "yaks_delivered": 1,
          "guild_upgrades": []
        },
        {
          "id": "1099-102",
          "type": "Tower",
          "owner": "Red",
          "last_flipped": "2017-05-28T06:58:35Z",
          "claimed_by": "CB2347E3-076F-438D-9C94-E53F0967A7E9",
          "claimed_at": "2017-05-28T11:01:34Z",
          "points_tick": 10,
          "points_capture": 10,
          "yaks_delivered": 140,
          "guild_upgrades": [
            583,
            147,
            483,
            513,
            389
          ]
        },
        {
          "id": "1099-117",
          "type": "Spawn",
          "owner": "Red",
          "last_flipped": "2017-05-27T02:03:46Z",
          "points_tick": 0,
          "points_capture": 0
        },
        {
          "id": "1099-120",
          "type": "Ruins",
          "owner": "Neutral",
          "last_flipped": "2017-05-28T12:48:37Z",
          "points_tick": 0,
          "points_capture": 0
        },
        {
          "id": "1099-109",
          "type": "Camp",
          "owner": "Red",
          "last_flipped": "2017-05-28T15:39:05Z",
          "claimed_by": null,
          "claimed_at": null,
          "points_tick": 4,
          "points_capture": 4,
          "yaks_delivered": 68,
          "guild_upgrades": []
        },
        {
          "id": "1099-101",
          "type": "Camp",
          "owner": "Green",
          "last_flipped": "2017-05-28T16:55:24Z",
          "claimed_by": null,
          "claimed_at": null,
          "points_tick": 2,
          "points_capture": 2,
          "yaks_delivered": 0,
          "guild_upgrades": []
        },
        {
          "id": "1099-121",
          "type": "Ruins",
          "owner": "Neutral",
          "last_flipped": "2017-05-28T13:48:26Z",
          "points_tick": 0,
          "points_capture": 0
        },
        {
          "id": "1099-104",
          "type": "Tower",
          "owner": "Red",
          "last_flipped": "2017-05-28T13:09:08Z",
          "claimed_by": "08D672D2-57FB-4CF2-8792-ACF5527B18D1",
          "claimed_at": "2017-05-28T14:12:09Z",
          "points_tick": 8,
          "points_capture": 8,
          "yaks_delivered": 93,
          "guild_upgrades": [
            583
          ]
        },
        {
          "id": "1099-108",
          "type": "Spawn",
          "owner": "Green",
          "last_flipped": "2017-05-27T02:03:46Z",
          "points_tick": 0,
          "points_capture": 0
        },
        {
          "id": "1099-100",
          "type": "Camp",
          "owner": "Red",
          "last_flipped": "2017-05-28T16:51:11Z",
          "claimed_by": "BFF22E17-C2DC-435B-BCEE-0204496FD486",
          "claimed_at": "2017-05-28T16:51:14Z",
          "points_tick": 2,
          "points_capture": 2,
          "yaks_delivered": 3,
          "guild_upgrades": []
        }
      ],
      "deaths": {
        "red": 2078,
        "blue": 1817,
        "green": 477
      },
      "kills": {
        "red": 1900,
        "blue": 1698,
        "green": 298
      }
    }
  ]
}