{
  "id": "1-2",
  "start_time": "2017-04-08T02:00:00Z",
  "end_time": "2017-04-15T01:58:00Z",
  "scores": {
    "red": 392101,
    "blue": 358992,
    "green": 474921
  },
  "worlds": {
    "red": 1016,
    "blue": 1018,
    "green": 1005
  },
  "all_worlds": {
    "red": [
      1020,
      1016
    ],
    "blue": [
      1010,
      1018
    ],
    "green": [
      1005
    ]
  },
  "deaths": {
    "red": 33867,
    "blue": 33406,
    "green": 19074
  },
  "kills": {
    "red": 17397,
    "blue": 16508,
    "green": 49787
  },
  "victory_points": {
    "red": 299,
    "blue": 279,
    "green": 358
  },
  "skirmishes": [
    {
      "id": 1,
      "scores": {
        "red": 6484,
        "blue": 5420,
        "green": 8839
      },
      "map_scores": [
        {
          "type": "Center",
          "scores": {
            "red": 2397,
            "blue": 1990,
            "green": 2775
          }
        },
        {
          "type": "BlueHome",
          "scores": {
            "red": 1300,
            "blue": 1071,
            "green": 2530
          }
        },
        {
          "type": "GreenHome",
          "scores": {
            "red": 849,
            "blue": 1358,
            "green": 2619
          }
        },
        {
          "type": "RedHome",
          "scores": {
            "red": 1938,
            "blue": 1001,
            "green": 915
          }
        }
      ]
    },
    {
      "id": 2,
      "scores": {
        "red": 4733,
        "blue": 5110,
        "green": 6349
      },
      "map_scores": [
        {
          "type": "Center",
          "scores": {
            "red": 1598,
            "blue": 2530,
            "green": 3009
          }
        },
        {
          "type": "BlueHome",
          "scores": {
            "red": 834,
            "blue": 1353,
            "green": 948
          }
        },
        {
          "type": "GreenHome",
          "scores": {
            "red": 865,
            "blue": 857,
            "green": 1895
          }
        },
        {
          "type": "RedHome",
          "scores": {
            "red": 1436,
            "blue": 370,
            "green": 497
          }
        }
      ]
    },
    {
      "id": 3,
      "scores": {
        "red": 4244,
        "blue": 2513,
        "green": 5534
      },
      "map_scores": [
        {
          "type": "Center",
          "scores": {
            "red": 1148,
            "blue": 997,
            "green": 3182
          }
        },
        {
          "type": "BlueHome",
          "scores": {
            "red": 922,
            "blue": 1092,
            "green": 589
          }
        },
        {
          "type": "GreenHome",
          "scores": {
            "red": 593,
            "blue": 148,
            "green": 1567
          }
        },
        {
          "type": "RedHome",
          "scores": {
            "red": 1581,
            "blue": 276,
            "green": 196
          }
        }
      ]
    },
    {
      "id": 4,
      "scores": {
        "red": 4414,
        "blue": 2050,
        "green": 6109
      },
      "map_scores": [
        {
          "type": "Center",
          "scores": {
            "red": 1506,
            "blue": 729,
            "green": 2996
          }
        },
        {
          "type": "BlueHome",
          "scores": {
            "red": 628,
            "blue": 725,
            "green": 1007
          }
        },
        {
          "type": "GreenHome",
          "scores": {
            "red": 298,
            "blue": 236,
            "green": 1935
          }
        },
        {
          "type": "RedHome",
          "scores": {
            "red": 1982,
            "blue": 360,
            "green": 171
          }
        }
      ]
    },
    {
      "id": 5,
      "scores": {
        "red": 5271,
        "blue": 2488,
        "green": 5935
      },
      "map_scores": [
        {
          "type": "Center",
          "scores": {
            "red": 1798,
            "blue": 1283,
            "green": 2912
          }
        },
        {
          "type": "BlueHome",
          "scores": {
            "red": 737,
            "blue": 830,
            "green": 772
          }
        },
        {
          "type": "GreenHome",
          "scores": {
            "red": 368,
            "blue": 243,
            "green": 2020
          }
        },
        {
          "type": "RedHome",
          "scores": {
            "red": 2368,
            "blue": 132,
            "green": 231
          }
        }
      ]
    },
    {
      "id": 6,
      "scores": {
        "red": 5110,
        "blue": 3432,
        "green": 6005
      },
      "map_scores": [
        {
          "type": "Center",
          "scores": {
            "red": 2328,
            "blue": 1262,
            "green": 3176
          }
        },
        {
          "type": "BlueHome",
          "scores": {
            "red": 356,
            "blue": 1601,
            "green": 257
          }
        },
        {
          "type": "GreenHome",
          "scores": {
            "red": 331,
            "blue": 161,
            "green": 2253
          }
        },
        {
          "type": "RedHome",
          "scores": {
            "red": 2095,
            "blue": 408,
            "green": 319
          }
        }
      ]
    },
    {
      "id": 7,
      "scores": {
        "red": 6423,
        "blue": 5001,
        "green": 6731
      },
      "map_scores": [
        {
          "type": "Center",
          "scores": {
            "red": 2660,
            "blue": 2629,
            "green": 4771
          }
        },
        {
          "type": "BlueHome",
          "scores": {
            "red": 493,
            "blue": 1940,
            "green": 54
          }
        },
        {
          "type": "GreenHome",
          "scores": {
            "red": 691,
            "blue": 275,
            "green": 1644
          }
        },
        {
          "type": "RedHome",
          "scores": {
            "red": 2579,
            "blue": 157,
            "green": 262
          }
        }
      ]
    },
    {
      "id": 8,
      "scores": {
        "red": 5929,
        "blue": 5490,
        "green": 5807
      },
      "map_scores": [
        {
          "type": "Center",
          "scores": {
            "red": 2198,
            "blue": 2129,
            "green": 3839
          }
        },
        {
          "type": "BlueHome",
          "scores": {
            "red": 219,
            "blue": 2635,
            "green": 217
          }
        },
        {
          "type": "GreenHome",
          "scores": {
            "red": 588,
            "blue": 477,
            "green": 1631
          }
        },
        {
          "type": "RedHome",
          "scores": {
            "red": 2924,
            "blue": 249,
            "green": 120
          }
        }
      ]
    },
    {
      "id": 9,
      "scores": {
        "red": 3722,
        "blue": 4768,
        "green": 6180
      },
      "map_scores": [
        {
          "type": "Center",
          "scores": {
            "red": 1185,
            "blue": 1750,
            "green": 3401
          }
        },
        {
          "type": "BlueHome",
          "scores": {
            "red": 280,
            "blue": 2243,
            "green": 538
          }
        },
        {
          "type": "GreenHome",
          "scores": {
            "red": 472,
            "blue": 181,
            "green": 1926
          }
        },
        {
          "type": "RedHome",
          "scores": {
            "red": 1785,
            "blue": 594,
            "green": 315
          }
        }
      ]
    },
    {
      "id": 10,
      "scores": {
        "red": 3591,
        "blue": 4746,
        "green": 5992
      },
      "map_scores": [
        {
          "type": "Center",
          "scores": {
            "red": 591,
            "blue": 2084,
            "green": 3609
          }
        },
        {
          "type": "BlueHome",
          "scores": {
            "red": 415,
            "blue": 2022,
            "green": 485
          }
        },
        {
          "type": "GreenHome",
          "scores": {
            "red": 439,
            "blue": 362,
            "green": 1836
          }
        },
        {
          "type": "RedHome",
          "scores": {
            "red": 2146,
            "blue": 278,
            "green": 62
          }
        }
      ]
    },
    {
      "id": 11,
      "scores": {
        "red": 4099,
        "blue": 4550,
        "green": 6260
      },
      "map_scores": [
        {
          "type": "Center",
          "scores": {
            "red": 784,
            "blue": 1693,
            "green": 4324
          }
        },
        {
          "type": "BlueHome",
          "scores": {
            "red": 333,
            "blue": 1947,
            "green": 479
          }
        },
        {
          "type": "GreenHome",
          "scores": {
            "red": 730,
            "blue": 289,
            "green": 1433
          }
        },
        {
          "type": "RedHome",
          "scores": {
            "red": 2252,
            "blue": 621,
            "green": 24
          }
        }
      ]
    },
    {
      "id": 12,
      "scores": {
        "red": 4496,
        "blue": 5632,
        "green": 8184
      },
      "map_scores": [
        {
          "type": "Center",
          "scores": {
            "red": 1635,
            "blue": 1927,
            "green": 4296
          }
        },
        {
          "type": "BlueHome",
          "scores": {
            "red": 399,
            "blue": 2104,
            "green": 1144
          }
        },
        {
          "type": "GreenHome",
          "scores": {
            "red": 312,
            "blue": 662,
            "green": 1781
          }
        },
        {
          "type": "RedHome",
          "scores": {
            "red": 2150,
            "blue": 939,
            "green": 963
          }
        }
      ]
    },
    {
      "id": 13,
      "scores": {
        "red": 5242,
        "blue": 5458,
        "green": 8373
      },
      "map_scores": [
        {
          "type": "Center",
          "scores": {
            "red": 1828,
            "blue": 1939,
            "green": 4214
          }
        },
        {
          "type": "BlueHome",
          "scores": {
            "red": 471,
            "blue": 2107,
            "green": 1823
          }
        },
        {
          "type": "GreenHome",
          "scores": {
            "red": 671,
            "blue": 692,
            "green": 2051
          }
        },
        {
          "type": "RedHome",
          "scores": {
            "red": 2272,
            "blue": 720,
            "green": 285
          }
        }
      ]
    },
    {
      "id": 14,
      "scores": {
        "red": 5521,
        "blue": 4541,
        "green": 7241
      },
      "map_scores": [
        {
          "type": "Center",
          "scores": {
            "red": 1867,
            "blue": 1704,
            "green": 3970
          }
        },
        {
          "type": "BlueHome",
          "scores": {
            "red": 294,
            "blue": 1775,
            "green": 1371
          }
        },
        {
          "type": "GreenHome",
          "scores": {
            "red": 907,
            "blue": 402,
            "green": 1474
          }
        },
        {
          "type": "RedHome",
          "scores": {
            "red": 2453,
            "blue": 660,
            "green": 426
          }
        }
      ]
    },
    {
      "id": 15,
      "scores": {
        "red": 6676,
        "blue": 2500,
        "green": 6304
      },
      "map_scores": [
        {
          "type": "Center",
          "scores": {
            "red": 2424,
            "blue": 891,
            "green": 4335
          }
        },
        {
          "type": "BlueHome",
          "scores": {
            "red": 673,
            "blue": 1158,
            "green": 558
          }
        },
        {
          "type": "GreenHome",
          "scores": {
            "red": 908,
            "blue": 388,
            "green": 1222
          }
        },
        {
          "type": "RedHome",
          "scores": {
            "red": 2671,
            "blue": 63,
            "green": 189
          }
        }
      ]
    },
    {
      "id": 16,
      "scores": {
        "red": 6746,
        "blue": 3091,
        "green": 4936
      },
      "map_scores": [
        {
          "type": "Center",
          "scores": {
            "red": 1865,
            "blue": 816,
            "green": 3774
          }
        },
        {
          "type": "BlueHome",
          "scores": {
            "red": 480,
            "blue": 1790,
            "green": 92
          }
        },
        {
          "type": "GreenHome",
          "scores": {
            "red": 1192,
            "blue": 423,
            "green": 1049
          }
        },
        {
          "type": "RedHome",
          "scores": {
            "red": 3209,
            "blue": 62,
            "green": 21
          }
        }
      ]
    },
    {
      "id": 17,
      "scores": {
        "red": 6264,
        "blue": 3779,
        "green": 4444
      },
      "map_scores": [
        {
          "type": "Center",
          "scores": {
            "red": 1716,
            "blue": 535,
            "green": 3279
          }
        },
        {
          "type": "BlueHome",
          "scores": {
            "red": 503,
            "blue": 2166,
            "green": 59
          }
        },
        {
          "type": "GreenHome",
          "scores": {
            "red": 988,
            "blue": 809,
            "green": 1106
          }
        },
        {
          "type": "RedHome",
          "scores": {
            "red": 3057,
            "blue": 269,
            "green": 0
          }
        }
      ]
    },
    {
      "id": 18,
      "scores": {
        "red": 6338,
        "blue": 3973,
        "green": 4868
      },
      "map_scores": [
        {
          "type": "Center",
          "scores": {
            "red": 1792,
            "blue": 926,
            "green": 3556
          }
        },
        {
          "type": "BlueHome",
          "scores": {
            "red": 332,
            "blue": 2444,
            "green": 6
          }
        },
        {
          "type": "GreenHome",
          "scores": {
            "red": 1031,
            "blue": 306,
            "green": 1290
          }
        },
        {
          "type": "RedHome",
          "scores": {
            "red": 3183,
            "blue": 297,
            "green": 16
          }
        }
      ]
    },
    {
      "id": 19,
      "scores": {
        "red": 5590,
        "blue": 4423,
        "green": 6116
      },
      "map_scores": [
        {
          "type": "Center",
          "scores": {
            "red": 1728,
            "blue": 1244,
            "green": 3686
          }
        },
        {
          "type": "BlueHome",
          "scores": {
            "red": 138,
            "blue": 2499,
            "green": 436
          }
        },
        {
          "type": "GreenHome",
          "scores": {
            "red": 1019,
            "blue": 384,
            "green": 1754
          }
        },
        {
          "type": "RedHome",
          "scores": {
            "red": 2705,
            "blue": 296,
            "green": 240
          }
        }
      ]
    },
    {
      "id": 20,
      "scores": {
        "red": 4480,
        "blue": 3885,
        "green": 6728
      },
      "map_scores": [
        {
          "type": "Center",
          "scores": {
            "red": 1759,
            "blue": 989,
            "green": 3369
          }
        },
        {
          "type": "BlueHome",
          "scores": {
            "red": 111,
            "blue": 1923,
            "green": 926
          }
        },
        {
          "type": "GreenHome",
          "scores": {
            "red": 270,
            "blue": 414,
            "green": 2189
          }
        },
        {
          "type": "RedHome",
          "scores": {
            "red": 2340,
            "blue": 559,
            "green": 244
          }
        }
      ]
    },
    {
      "id": 21,
      "scores": {
        "red": 3936,
        "blue": 4484,
        "green": 6308
      },
      "map_scores": [
        {
          "type": "Center",
          "scores": {
            "red": 1141,
            "blue": 1433,
            "green": 3818
          }
        },
        {
          "type": "BlueHome",
          "scores": {
            "red": 372,
            "blue": 1899,
            "green": 178
          }
        },
        {
          "type": "GreenHome",
          "scores": {
            "red": 240,
            "blue": 664,
            "green": 1958
          }
        },
        {
          "type": "RedHome",
          "scores": {
            "red": 2183,
            "blue": 488,
            "green": 354
          }
        }
      ]
    },
    {
      "id": 22,
      "scores": {
        "red": 4121,
        "blue": 3762,
        "green": 6841
      },
      "map_scores": [
        {
          "type": "Center",
          "scores": {
            "red": 683,
            "blue": 1220,
            "green": 4598
          }
        },
        {
          "type": "BlueHome",
          "scores": {
            "red": 491,
            "blue": 1840,
            "green": 416
          }
        },
        {
          "type": "GreenHome",
          "scores": {
            "red": 537,
            "blue": 338,
            "green": 1783
          }
        },
        {
          "type": "RedHome",
          "scores": {
            "red": 2410,
            "blue": 364,
            "green": 44
          }
        }
      ]
    },
    {
      "id": 23,
      "scores": {
        "red": 3820,
        "blue": 4636,
        "green": 7237
      },
      "map_scores": [
        {
          "type": "Center",
          "scores": {
            "red": 665,
            "blue": 1654,
            "green": 4600
          }
        },
        {
          "type": "BlueHome",
          "scores": {
            "red": 228,
            "blue": 2202,
            "green": 296
          }
        },
        {
          "type": "GreenHome",
          "scores": {
            "red": 347,
            "blue": 322,
            "green": 2236
          }
        },
        {
          "type": "RedHome",
          "scores": {
            "red": 2580,
            "blue": 458,
            "green": 105
          }
        }
      ]
    },
    {
      "id": 24,
      "scores": {
        "red": 5026,
        "blue": 6526,
        "green": 8790
      },
      "map_scores": [
        {
          "type": "Center",
          "scores": {
            "red": 875,
            "blue": 2557,
            "green": 4939
          }
        },
        {
          "type": "BlueHome",
          "scores": {
            "red": 1190,
            "blue": 2471,
            "green": 1461
          }
        },
        {
          "type": "GreenHome",
          "scores": {
            "red": 610,
            "blue": 700,
            "green": 2128
          }
        },
        {
          "type": "RedHome",
          "scores": {
            "red": 2351,
            "blue": 798,
            "green": 262
          }
        }
      ]
    },
    {
      "id": 25,
      "scores": {
        "red": 4849,
        "blue": 6545,
        "green": 6814
      },
      "map_scores": [
        {
          "type": "Center",
          "scores": {
            "red": 1646,
            "blue": 2719,
            "green": 3660
          }
        },
        {
          "type": "BlueHome",
          "scores": {
            "red": 169,
            "blue": 2463,
            "green": 939
          }
        },
        {
          "type": "GreenHome",
          "scores": {
            "red": 508,
            "blue": 808,
            "green": 1835
          }
        },
        {
          "type": "RedHome",
          "scores": {
            "red": 2526,
            "blue": 555,
            "green": 380
          }
        }
      ]
    },
    {
      "id": 26,
      "scores": {
        "red": 4438,
        "blue": 5537,
        "green": 5271
      },
      "map_scores": [
        {
          "type": "Center",
          "scores": {
            "red": 1523,
            "blue": 1988,
            "green": 3179
          }
        },
        {
          "type": "BlueHome",
          "scores": {
            "red": 242,
            "blue": 2243,
            "green": 325
          }
        },
        {
          "type": "GreenHome",
          "scores": {
            "red": 834,
            "blue": 596,
            "green": 1683
          }
        },
        {
          "type": "RedHome",
          "scores": {
            "red": 1839,
            "blue": 710,
            "green": 84
          }
        }
      ]
    },
    {
      "id": 27,
      "scores": {
        "red": 4991,
        "blue": 5071,
        "green": 5425
      },
      "map_scores": [
        {
          "type": "Center",
          "scores": {
            "red": 1367,
            "blue": 1732,
            "green": 3446
          }
        },
        {
          "type": "BlueHome",
          "scores": {
            "red": 201,
            "blue": 2573,
            "green": 130
          }
        },
        {
          "type": "GreenHome",
          "scores": {
            "red": 1052,
            "blue": 369,
            "green": 1808
          }
        },
        {
          "type": "RedHome",
          "scores": {
            "red": 2371,
            "blue": 397,
            "green": 41
          }
        }
      ]
    },
    {
      "id": 28,
      "scores": {
        "red": 6432,
        "blue": 4557,
        "green": 4591
      },
      "map_scores": [
        {
          "type": "Center",
          "scores": {
            "red": 1755,
            "blue": 1618,
            "green": 3522
          }
        },
        {
          "type": "BlueHome",
          "scores": {
            "red": 397,
            "blue": 2543,
            "green": 144
          }
        },
        {
          "type": "GreenHome",
          "scores": {
            "red": 1830,
            "blue": 213,
            "green": 603
          }
        },
        {
          "type": "RedHome",
          "scores": {
            "red": 2450,
            "blue": 183,
            "green": 322
          }
        }
      ]
    },
    {
      "id": 29,
      "scores": {
        "red": 6214,
        "blue": 5527,
        "green": 3766
      },
      "map_scores": [
        {
          "type": "Center",
          "scores": {
            "red": 1744,
            "blue": 1859,
            "green": 2826
          }
        },
        {
          "type": "BlueHome",
          "scores": {
            "red": 232,
            "blue": 2847,
            "green": 88
          }
        },
        {
          "type": "GreenHome",
          "scores": {
            "red": 1736,
            "blue": 325,
            "green": 779
          }
        },
        {
          "type": "RedHome",
          "scores": {
            "red": 2502,
            "blue": 496,
            "green": 73
          }
        }
      ]
    },
    {
      "id": 30,
      "scores": {
        "red": 6131,
        "blue": 5342,
        "green": 3900
      },
      "map_scores": [
        {
          "type": "Center",
          "scores": {
            "red": 1889,
            "blue": 1841,
            "green": 2981
          }
        },
        {
          "type": "BlueHome",
          "scores": {
            "red": 362,
            "blue": 2883,
            "green": 157
          }
        },
        {
          "type": "GreenHome",
          "scores": {
            "red": 1156,
            "blue": 531,
            "green": 658
          }
        },
        {
          "type": "RedHome",
          "scores": {
            "red": 2724,
            "blue": 87,
            "green": 104
          }
        }
      ]
    },
    {
      "id": 31,
      "scores": {
        "red": 5851,
        "blue": 4972,
        "green": 5048
      },
      "map_scores": [
        {
          "type": "Center",
          "scores": {
            "red": 1695,
            "blue": 1858,
            "green": 3538
          }
        },
        {
          "type": "BlueHome",
          "scores": {
            "red": 209,
            "blue": 2684,
            "green": 160
          }
        },
        {
          "type": "GreenHome",
          "scores": {
            "red": 1069,
            "blue": 266,
            "green": 1247
          }
        },
        {
          "type": "RedHome",
          "scores": {
            "red": 2878,
            "blue": 164,
            "green": 103
          }
        }
      ]
    },
    {
      "id": 32,
      "scores": {
        "red": 4181,
        "blue": 5143,
        "green": 5083
      },
      "map_scores": [
        {
          "type": "Center",
          "scores": {
            "red": 1693,
            "blue": 1672,
            "green": 2924
          }
        },
        {
          "type": "BlueHome",
          "scores": {
            "red": 362,
            "blue": 2548,
            "green": 132
          }
        },
        {
          "type": "GreenHome",
          "scores": {
            "red": 331,
            "blue": 191,
            "green": 1842
          }
        },
        {
          "type": "RedHome",
          "scores": {
            "red": 1795,
            "blue": 732,
            "green": 185
          }
        }
      ]
    },
    {
      "id": 33,
      "scores": {
        "red": 3078,
        "blue": 4559,
        "green": 6775
      },
      "map_scores": [
        {
          "type": "Center",
          "scores": {
            "red": 1227,
            "blue": 1572,
            "green": 3452
          }
        },
        {
          "type": "BlueHome",
          "scores": {
            "red": 246,
            "blue": 2483,
            "green": 465
          }
        },
        {
          "type": "GreenHome",
          "scores": {
            "red": 124,
            "blue": 128,
            "green": 2254
          }
        },
        {
          "type": "RedHome",
          "scores": {
            "red": 1481,
            "blue": 376,
            "green": 604
          }
        }
      ]
    },
    {
      "id": 34,
      "scores": {
        "red": 3000,
        "blue": 4096,
        "green": 7673
      },
      "map_scores": [
        {
          "type": "Center",
          "scores": {
            "red": 1217,
            "blue": 1606,
            "green": 3580
          }
        },
        {
          "type": "BlueHome",
          "scores": {
            "red": 142,
            "blue": 2154,
            "green": 736
          }
        },
        {
          "type": "GreenHome",
          "scores": {
            "red": 319,
            "blue": 219,
            "green": 2336
          }
        },
        {
          "type": "RedHome",
          "scores": {
            "red": 1322,
            "blue": 117,
            "green": 1021
          }
        }
      ]
    },
    {
      "id": 35,
      "scores": {
        "red": 4128,
        "blue": 4647,
        "green": 6461
      },
      "map_scores": [
        {
          "type": "Center",
          "scores": {
            "red": 1407,
            "blue": 1653,
            "green": 3617
          }
        },
        {
          "type": "BlueHome",
          "scores": {
            "red": 538,
            "blue": 2027,
            "green": 664
          }
        },
        {
          "type": "GreenHome",
          "scores": {
            "red": 352,
            "blue": 743,
            "green": 1926
          }
        },
        {
          "type": "RedHome",
          "scores": {
            "red": 1831,
            "blue": 224,
            "green": 254
          }
        }
      ]
    },
    {
      "id": 36,
      "scores": {
        "red": 5332,
        "blue": 5507,
        "green": 7420
      },
      "map_scores": [
        {
          "type": "Center",
          "scores": {
            "red": 2157,
            "blue": 1857,
            "green": 3800
          }
        },
        {
          "type": "BlueHome",
          "scores": {
            "red": 617,
            "blue": 2036,
            "green": 1474
          }
        },
        {
          "type": "GreenHome",
          "scores": {
            "red": 425,
            "blue": 962,
            "green": 1950
          }
        },
        {
          "type": "RedHome",
          "scores": {
            "red": 2133,
            "blue": 652,
            "green": 196
          }
        }
      ]
    },
    {
      "id": 37,
      "scores": {
        "red": 4849,
        "blue": 5123,
        "green": 6857
      },
      "map_scores": [
        {
          "type": "Center",
          "scores": {
            "red": 1965,
            "blue": 1640,
            "green": 3710
          }
        },
        {
          "type": "BlueHome",
          "scores": {
            "red": 451,
            "blue": 2040,
            "green": 648
          }
        },
        {
          "type": "GreenHome",
          "scores": {
            "red": 487,
            "blue": 782,
            "green": 1876
          }
        },
        {
          "type": "RedHome",
          "scores": {
            "red": 1946,
            "blue": 661,
            "green": 623
          }
        }
      ]
    },
    {
      "id": 38,
      "scores": {
        "red": 4739,
        "blue": 4519,
        "green": 6627
      },
      "map_scores": [
        {
          "type": "Center",
          "scores": {
            "red": 2062,
            "blue": 977,
            "green": 4439
          }
        },
        {
          "type": "BlueHome",
          "scores": {
            "red": 432,
            "blue": 2167,
            "green": 344
          }
        },
        {
          "type": "GreenHome",
          "scores": {
            "red": 718,
            "blue": 485,
            "green": 1765
          }
        },
        {
          "type": "RedHome",
          "scores": {
            "red": 1527,
            "blue": 890,
            "green": 79
          }
        }
      ]
    },
    {
      "id": 39,
      "scores": {
        "red": 4985,
        "blue": 3435,
        "green": 5384
      },
      "map_scores": [
        {
          "type": "Center",
          "scores": {
            "red": 1913,
            "blue": 623,
            "green": 3391
          }
        },
        {
          "type": "BlueHome",
          "scores": {
            "red": 511,
            "blue": 1834,
            "green": 271
          }
        },
        {
          "type": "GreenHome",
          "scores": {
            "red": 897,
            "blue": 287,
            "green": 1618
          }
        },
        {
          "type": "RedHome",
          "scores": {
            "red": 1664,
            "blue": 691,
            "green": 104
          }
        }
      ]
    },
    {
      "id": 40,
      "scores": {
        "red": 5266,
        "blue": 4270,
        "green": 4554
      },
      "map_scores": [
        {
          "type": "Center",
          "scores": {
            "red": 1728,
            "blue": 1372,
            "green": 2824
          }
        },
        {
          "type": "BlueHome",
          "scores": {
            "red": 372,
            "blue": 2275,
            "green": 116
          }
        },
        {
          "type": "GreenHome",
          "scores": {
            "red": 1082,
            "blue": 127,
            "green": 1562
          }
        },
        {
          "type": "RedHome",
          "scores": {
            "red": 2084,
            "blue": 496,
            "green": 52
          }
        }
      ]
    },
    {
      "id": 41,
      "scores": {
        "red": 5145,
        "blue": 4894,
        "green": 4293
      },
      "map_scores": [
        {
          "type": "Center",
          "scores": {
            "red": 1990,
            "blue": 1696,
            "green": 2777
          }
        },
        {
          "type": "BlueHome",
          "scores": {
            "red": 192,
            "blue": 2599,
            "green": 89
          }
        },
        {
          "type": "GreenHome",
          "scores": {
            "red": 1121,
            "blue": 211,
            "green": 1415
          }
        },
        {
          "type": "RedHome",
          "scores": {
            "red": 1842,
            "blue": 388,
            "green": 12
          }
        }
      ]
    },
    {
      "id": 42,
      "scores": {
        "red": 6039,
        "blue": 4483,
        "green": 4053
      },
      "map_scores": [
        {
          "type": "Center",
          "scores": {
            "red": 2267,
            "blue": 1725,
            "green": 2202
          }
        },
        {
          "type": "BlueHome",
          "scores": {
            "red": 544,
            "blue": 2239,
            "green": 47
          }
        },
        {
          "type": "GreenHome",
          "scores": {
            "red": 749,
            "blue": 362,
            "green": 1725
          }
        },
        {
          "type": "RedHome",
          "scores": {
            "red": 2479,
            "blue": 157,
            "green": 79
          }
        }
      ]
    },
    {
      "id": 43,
      "scores": {
        "red": 6180,
        "blue": 4990,
        "green": 3860
      },
      "map_scores": [
        {
          "type": "Center",
          "scores": {
            "red": 2446,
            "blue": 2285,
            "green": 1922
          }
        },
        {
          "type": "BlueHome",
          "scores": {
            "red": 498,
            "blue": 2407,
            "green": 42
          }
        },
        {
          "type": "GreenHome",
          "scores": {
            "red": 426,
            "blue": 184,
            "green": 1762
          }
        },
        {
          "type": "RedHome",
          "scores": {
            "red": 2810,
            "blue": 114,
            "green": 134
          }
        }
      ]
    },
    {
      "id": 44,
      "scores": {
        "red": 5342,
        "blue": 4745,
        "green": 4937
      },
      "map_scores": [
        {
          "type": "Center",
          "scores": {
            "red": 2169,
            "blue": 1724,
            "green": 2771
          }
        },
        {
          "type": "BlueHome",
          "scores": {
            "red": 327,
            "blue": 2444,
            "green": 95
          }
        },
        {
          "type": "GreenHome",
          "scores": {
            "red": 303,
            "blue": 280,
            "green": 1931
          }
        },
        {
          "type": "RedHome",
          "scores": {
            "red": 2543,
            "blue": 297,
            "green": 140
          }
        }
      ]
    },
    {
      "id": 45,
      "scores": {
        "red": 4269,
        "blue": 5409,
        "green": 4925
      },
      "map_scores": [
        {
          "type": "Center",
          "scores": {
            "red": 1077,
            "blue": 1711,
            "green": 3439
          }
        },
        {
          "type": "BlueHome",
          "scores": {
            "red": 197,
            "blue": 2666,
            "green": 122
          }
        },
        {
          "type": "GreenHome",
          "scores": {
            "red": 452,
            "blue": 845,
            "green": 1217
          }
        },
        {
          "type": "RedHome",
          "scores": {
            "red": 2543,
            "blue": 187,
            "green": 147
          }
        }
      ]
    },
    {
      "id": 46,
      "scores": {
        "red": 5496,
        "blue": 4190,
        "green": 5626
      },
      "map_scores": [
        {
          "type": "Center",
          "scores": {
            "red": 1745,
            "blue": 1306,
            "green": 3481
          }
        },
        {
          "type": "BlueHome",
          "scores": {
            "red": 389,
            "blue": 2277,
            "green": 319
          }
        },
        {
          "type": "GreenHome",
          "scores": {
            "red": 680,
            "blue": 176,
            "green": 1597
          }
        },
        {
          "type": "RedHome",
          "scores": {
            "red": 2682,
            "blue": 431,
            "green": 229
          }
        }
      ]
    },
    {
      "id": 47,
      "scores": {
        "red": 4474,
        "blue": 4787,
        "green": 6096
      },
      "map_scores": [
        {
          "type": "Center",
          "scores": {
            "red": 1732,
            "blue": 1114,
            "green": 3474
          }
        },
        {
          "type": "BlueHome",
          "scores": {
            "red": 236,
            "blue": 2667,
            "green": 236
          }
        },
        {
          "type": "GreenHome",
          "scores": {
            "red": 385,
            "blue": 574,
            "green": 2008
          }
        },
        {
          "type": "RedHome",
          "scores": {
            "red": 2121,
            "blue": 432,
            "green": 378
          }
        }
      ]
    },
    {
      "id": 48,
      "scores": {
        "red": 5575,
        "blue": 4981,
        "green": 7306
      },
      "map_scores": [
        {
          "type": "Center",
          "scores": {
            "red": 2047,
            "blue": 1630,
            "green": 4179
          }
        },
        {
          "type": "BlueHome",
          "scores": {
            "red": 543,
            "blue": 2583,
            "green": 534
          }
        },
        {
          "type": "GreenHome",
          "scores": {
            "red": 346,
            "blue": 368,
            "green": 2322
          }
        },
        {
          "type": "RedHome",
          "scores": {
            "red": 2639,
            "blue": 400,
            "green": 271
          }
        }
      ]
    },
    {
      "id": 49,
      "scores": {
        "red": 5291,
        "blue": 5773,
        "green": 7202
      },
      "map_scores": [
        {
          "type": "Center",
          "scores": {
            "red": 1938,
            "blue": 2019,
            "green": 3550
          }
        },
        {
          "type": "BlueHome",
          "scores": {
            "red": 323,
            "blue": 2523,
            "green": 368
          }
        },
        {
          "type": "GreenHome",
          "scores": {
            "red": 765,
            "blue": 710,
            "green": 2937
          }
        },
        {
          "type": "RedHome",
          "scores": {
            "red": 2265,
            "blue": 521,
            "green": 347
          }
        }
      ]
    },
    {
      "id": 50,
      "scores": {
        "red": 4111,
        "blue": 5484,
        "green": 5741
      },
      "map_scores": [
        {
          "type": "Center",
          "scores": {
            "red": 1731,
            "blue": 1886,
            "green": 3430
          }
        },
        {
          "type": "BlueHome",
          "scores": {
            "red": 228,
            "blue": 2298,
            "green": 281
          }
        },
        {
          "type": "GreenHome",
          "scores": {
            "red": 93,
            "blue": 679,
            "green": 1945
          }
        },
        {
          "type": "RedHome",
          "scores": {
            "red": 2059,
            "blue": 621,
            "green": 85
          }
        }
      ]
    },
    {
      "id": 51,
      "scores": {
        "red": 5401,
        "blue": 4290,
        "green": 6029
      },
      "map_scores": [
        {
          "type": "Center",
          "scores": {
            "red": 1993,
            "blue": 1418,
            "green": 3479
          }
        },
        {
          "type": "BlueHome",
          "scores": {
            "red": 447,
            "blue": 2485,
            "green": 57
          }
        },
        {
          "type": "GreenHome",
          "scores": {
            "red": 282,
            "blue": 176,
            "green": 2468
          }
        },
        {
          "type": "RedHome",
          "scores": {
            "red": 2679,
            "blue": 211,
            "green": 25
          }
        }
      ]
    },
    {
      "id": 52,
      "scores": {
        "red": 6554,
        "blue": 4075,
        "green": 4635
      },
      "map_scores": [
        {
          "type": "Center",
          "scores": {
            "red": 2080,
            "blue": 1351,
            "green": 3073
          }
        },
        {
          "type": "BlueHome",
          "scores": {
            "red": 435,
            "blue": 2512,
            "green": 92
          }
        },
        {
          "type": "GreenHome",
          "scores": {
            "red": 940,
            "blue": 101,
            "green": 1464
          }
        },
        {
          "type": "RedHome",
          "scores": {
            "red": 3099,
            "blue": 111,
            "green": 6
          }
        }
      ]
    },
    {
      "id": 53,
      "scores": {
        "red": 6300,
        "blue": 4556,
        "green": 4482
      },
      "map_scores": [
        {
          "type": "Center",
          "scores": {
            "red": 2140,
            "blue": 1510,
            "green": 2991
          }
        },
        {
          "type": "BlueHome",
          "scores": {
            "red": 182,
            "blue": 2707,
            "green": 106
          }
        },
        {
          "type": "GreenHome",
          "scores": {
            "red": 872,
            "blue": 107,
            "green": 1346
          }
        },
        {
          "type": "RedHome",
          "scores": {
            "red": 3106,
            "blue": 232,
            "green": 39
          }
        }
      ]
    },
    {
      "id": 54,
      "scores": {
        "red": 5501,
        "blue": 4691,
        "green": 5081
      },
      "map_scores": [
        {
          "type": "Center",
          "scores": {
            "red": 1900,
            "blue": 1599,
            "green": 3143
          }
        },
        {
          "type": "BlueHome",
          "scores": {
            "red": 257,
            "blue": 2546,
            "green": 117
          }
        },
        {
          "type": "GreenHome",
          "scores": {
            "red": 364,
            "blue": 318,
            "green": 1786
          }
        },
        {
          "type": "RedHome",
          "scores": {
            "red": 2980,
            "blue": 228,
            "green": 35
          }
        }
      ]
    },
    {
      "id": 55,
      "scores": {
        "red": 5792,
        "blue": 3786,
        "green": 6059
      },
      "map_scores": [
        {
          "type": "Center",
          "scores": {
            "red": 1853,
            "blue": 1474,
            "green": 3313
          }
        },
        {
          "type": "BlueHome",
          "scores": {
            "red": 668,
            "blue": 1848,
            "green": 379
          }
        },
        {
          "type": "GreenHome",
          "scores": {
            "red": 95,
            "blue": 308,
            "green": 2308
          }
        },
        {
          "type": "RedHome",
          "scores": {
            "red": 3176,
            "blue": 156,
            "green": 59
          }
        }
      ]
    },
    {
      "id": 56,
      "scores": {
        "red": 5242,
        "blue": 3860,
        "green": 6185
      },
      "map_scores": [
        {
          "type": "Center",
          "scores": {
            "red": 1306,
            "blue": 1698,
            "green": 3719
          }
        },
        {
          "type": "BlueHome",
          "scores": {
            "red": 431,
            "blue": 1846,
            "green": 91
          }
        },
        {
          "type": "GreenHome",
          "scores": {
            "red": 322,
            "blue": 180,
            "green": 2334
          }
        },
        {
          "type": "RedHome",
          "scores": {
            "red": 3183,
            "blue": 136,
            "green": 41
          }
        }
      ]
    },
    {
      "id": 57,
      "scores": {
        "red": 3845,
        "blue": 4601,
        "green": 6647
      },
      "map_scores": [
        {
          "type": "Center",
          "scores": {
            "red": 370,
            "blue": 1826,
            "green": 3927
          }
        },
        {
          "type": "BlueHome",
          "scores": {
            "red": 243,
            "blue": 2226,
            "green": 105
          }
        },
        {
          "type": "GreenHome",
          "scores": {
            "red": 154,
            "blue": 335,
            "green": 2555
          }
        },
        {
          "type": "RedHome",
          "scores": {
            "red": 3078,
            "blue": 214,
            "green": 60
          }
        }
      ]
    },
    {
      "id": 58,
      "scores": {
        "red": 3819,
        "blue": 4098,
        "green": 7346
      },
      "map_scores": [
        {
          "type": "Center",
          "scores": {
            "red": 235,
            "blue": 1202,
            "green": 4645
          }
        },
        {
          "type": "BlueHome",
          "scores": {
            "red": 329,
            "blue": 2292,
            "green": 323
          }
        },
        {
          "type": "GreenHome",
          "scores": {
            "red": 255,
            "blue": 440,
            "green": 2302
          }
        },
        {
          "type": "RedHome",
          "scores": {
            "red": 3000,
            "blue": 164,
            "green": 76
          }
        }
      ]
    },
    {
      "id": 59,
      "scores": {
        "red": 4367,
        "blue": 3925,
        "green": 7859
      },
      "map_scores": [
        {
          "type": "Center",
          "scores": {
            "red": 340,
            "blue": 1409,
            "green": 5060
          }
        },
        {
          "type": "BlueHome",
          "scores": {
            "red": 406,
            "blue": 2177,
            "green": 441
          }
        },
        {
          "type": "GreenHome",
          "scores": {
            "red": 436,
            "blue": 288,
            "green": 2263
          }
        },
        {
          "type": "RedHome",
          "scores": {
            "red": 3185,
            "blue": 51,
            "green": 95
          }
        }
      ]
    },
    {
      "id": 60,
      "scores": {
        "red": 4749,
        "blue": 5275,
        "green": 7554
      },
      "map_scores": [
        {
          "type": "Center",
          "scores": {
            "red": 531,
            "blue": 1968,
            "green": 4453
          }
        },
        {
          "type": "BlueHome",
          "scores": {
            "red": 504,
            "blue": 2442,
            "green": 595
          }
        },
        {
          "type": "GreenHome",
          "scores": {
            "red": 524,
            "blue": 337,
            "green": 2417
          }
        },
        {
          "type": "RedHome",
          "scores": {
            "red": 3190,
            "blue": 528,
            "green": 89
          }
        }
      ]
    },
    {
      "id": 61,
      "scores": {
        "red": 4611,
        "blue": 5112,
        "green": 7882
      },
      "map_scores": [
        {
          "type": "Center",
          "scores": {
            "red": 609,
            "blue": 1685,
            "green": 4465
          }
        },
        {
          "type": "BlueHome",
          "scores": {
            "red": 518,
            "blue": 2652,
            "green": 473
          }
        },
        {
          "type": "GreenHome",
          "scores": {
            "red": 529,
            "blue": 328,
            "green": 2781
          }
        },
        {
          "type": "RedHome",
          "scores": {
            "red": 2955,
            "blue": 447,
            "green": 163
          }
        }
      ]
    },
    {
      "id": 62,
      "scores": {
        "red": 3674,
        "blue": 4922,
        "green": 7442
      },
      "map_scores": [
        {
          "type": "Center",
          "scores": {
            "red": 493,
            "blue": 1650,
            "green": 4304
          }
        },
        {
          "type": "BlueHome",
          "scores": {
            "red": 358,
            "blue": 2538,
            "green": 425
          }
        },
        {
          "type": "GreenHome",
          "scores": {
            "red": 269,
            "blue": 351,
            "green": 2563
          }
        },
        {
          "type": "RedHome",
          "scores": {
            "red": 2554,
            "blue": 383,
            "green": 150
          }
        }
      ]
    },
    {
      "id": 63,
      "scores": {
        "red": 4485,
        "blue": 4958,
        "green": 6222
      },
      "map_scores": [
        {
          "type": "Center",
          "scores": {
            "red": 678,
            "blue": 1760,
            "green": 4064
          }
        },
        {
          "type": "BlueHome",
          "scores": {
            "red": 276,
            "blue": 2567,
            "green": 37
          }
        },
        {
          "type": "GreenHome",
          "scores": {
            "red": 498,
            "blue": 263,
            "green": 2062
          }
        },
        {
          "type": "RedHome",
          "scores": {
            "red": 3033,
            "blue": 368,
            "green": 59
          }
        }
      ]
    },
    {
      "id": 64,
      "scores": {
        "red": 4729,
        "blue": 5168,
        "green": 5026
      },
      "map_scores": [
        {
          "type": "Center",
          "scores": {
            "red": 1373,
            "blue": 1850,
            "green": 3150
          }
        },
        {
          "type": "BlueHome",
          "scores": {
            "red": 356,
            "blue": 2522,
            "green": 19
          }
        },
        {
          "type": "GreenHome",
          "scores": {
            "red": 204,
            "blue": 685,
            "green": 1674
          }
        },
        {
          "type": "RedHome",
          "scores": {
            "red": 2796,
            "blue": 111,
            "green": 183
          }
        }
      ]
    },
    {
      "id": 65,
      "scores": {
        "red": 5197,
        "blue": 5753,
        "green": 3463
      },
      "map_scores": [
        {
          "type": "Center",
          "scores": {
            "red": 2373,
            "blue": 1663,
            "green": 1677
          }
        },
        {
          "type": "BlueHome",
          "scores": {
            "red": 62,
            "blue": 2790,
            "green": 104
          }
        },
        {
          "type": "GreenHome",
          "scores": {
            "red": 166,
            "blue": 1016,
            "green": 1527
          }
        },
        {
          "type": "RedHome",
          "scores": {
            "red": 2596,
            "blue": 284,
            "green": 155
          }
        }
      ]
    },
    {
      "id": 66,
      "scores": {
        "red": 6122,
        "blue": 4351,
        "green": 4583
      },
      "map_scores": [
        {
          "type": "Center",
          "scores": {
            "red": 2544,
            "blue": 1059,
            "green": 2420
          }
        },
        {
          "type": "BlueHome",
          "scores": {
            "red": 710,
            "blue": 2278,
            "green": 101
          }
        },
        {
          "type": "GreenHome",
          "scores": {
            "red": 229,
            "blue": 753,
            "green": 1900
          }
        },
        {
          "type": "RedHome",
          "scores": {
            "red": 2639,
            "blue": 261,
            "green": 162
          }
        }
      ]
    },
    {
      "id": 67,
      "scores": {
        "red": 6842,
        "blue": 2803,
        "green": 5929
      },
      "map_scores": [
        {
          "type": "Center",
          "scores": {
            "red": 1989,
            "blue": 1204,
            "green": 2845
          }
        },
        {
          "type": "BlueHome",
          "scores": {
            "red": 1728,
            "blue": 1413,
            "green": 106
          }
        },
        {
          "type": "GreenHome",
          "scores": {
            "red": 198,
            "blue": 79,
            "green": 2814
          }
        },
        {
          "type": "RedHome",
          "scores": {
            "red": 2927,
            "blue": 107,
            "green": 164
          }
        }
      ]
    },
    {
      "id": 68,
      "scores": {
        "red": 5681,
        "blue": 4124,
        "green": 5890
      },
      "map_scores": [
        {
          "type": "Center",
          "scores": {
            "red": 1962,
            "blue": 1486,
            "green": 3300
          }
        },
        {
          "type": "BlueHome",
          "scores": {
            "red": 416,
            "blue": 2366,
            "green": 20
          }
        },
        {
          "type": "GreenHome",
          "scores": {
            "red": 245,
            "blue": 127,
            "green": 2500
          }
        },
        {
          "type": "RedHome",
          "scores": {
            "red": 3058,
            "blue": 145,
            "green": 70
          }
        }
      ]
    },
    {
      "id": 69,
      "scores": {
        "red": 4788,
        "blue": 4531,
        "green": 6817
      },
      "map_scores": [
        {
          "type": "Center",
          "scores": {
            "red": 1808,
            "blue": 1433,
            "green": 3769
          }
        },
        {
          "type": "BlueHome",
          "scores": {
            "red": 204,
            "blue": 2538,
            "green": 163
          }
        },
        {
          "type": "GreenHome",
          "scores": {
            "red": 219,
            "blue": 94,
            "green": 2782
          }
        },
        {
          "type": "RedHome",
          "scores": {
            "red": 2557,
            "blue": 466,
            "green": 103
          }
        }
      ]
    },
    {
      "id": 70,
      "scores": {
        "red": 4811,
        "blue": 4556,
        "green": 6137
      },
      "map_scores": [
        {
          "type": "Center",
          "scores": {
            "red": 1815,
            "blue": 1460,
            "green": 3593
          }
        },
        {
          "type": "BlueHome",
          "scores": {
            "red": 402,
            "blue": 2335,
            "green": 156
          }
        },
        {
          "type": "GreenHome",
          "scores": {
            "red": 435,
            "blue": 182,
            "green": 2304
          }
        },
        {
          "type": "RedHome",
          "scores": {
            "red": 2159,
            "blue": 579,
            "green": 84
          }
        }
      ]
    },
    {
      "id": 71,
      "scores": {
        "red": 3674,
        "blue": 5600,
        "green": 6382
      },
      "map_scores": [
        {
          "type": "Center",
          "scores": {
            "red": 1579,
            "blue": 1866,
            "green": 3857
          }
        },
        {
          "type": "BlueHome",
          "scores": {
            "red": 375,
            "blue": 2636,
            "green": 278
          }
        },
        {
          "type": "GreenHome",
          "scores": {
            "red": 196,
            "blue": 465,
            "green": 2211
          }
        },
        {
          "type": "RedHome",
          "scores": {
            "red": 1524,
            "blue": 633,
            "green": 36
          }
        }
      ]
    },
    {
      "id": 72,
      "scores": {
        "red": 3919,
        "blue": 5553,
        "green": 7294
      },
      "map_scores": [
        {
          "type": "Center",
          "scores": {
            "red": 1561,
            "blue": 1559,
            "green": 3895
          }
        },
        {
          "type": "BlueHome",
          "scores": {
            "red": 331,
            "blue": 2619,
            "green": 581
          }
        },
        {
          "type": "GreenHome",
          "scores": {
            "red": 282,
            "blue": 365,
            "green": 2665
          }
        },
        {
          "type": "RedHome",
          "scores": {
            "red": 1745,
            "blue": 1010,
            "green": 153
          }
        }
      ]
    },
    {
      "id": 73,
      "scores": {
        "red": 4420,
        "blue": 6002,
        "green": 7832
      },
      "map_scores": [
        {
          "type": "Center",
          "scores": {
            "red": 1915,
            "blue": 1684,
            "green": 3723
          }
        },
        {
          "type": "BlueHome",
          "scores": {
            "red": 449,
            "blue": 2734,
            "green": 332
          }
        },
        {
          "type": "GreenHome",
          "scores": {
            "red": 287,
            "blue": 673,
            "green": 3193
          }
        },
        {
          "type": "RedHome",
          "scores": {
            "red": 1769,
            "blue": 911,
            "green": 584
          }
        }
      ]
    },
    {
      "id": 74,
      "scores": {
        "red": 3265,
        "blue": 5808,
        "green": 7386
      },
      "map_scores": [
        {
          "type": "Center",
          "scores": {
            "red": 1505,
            "blue": 1211,
            "green": 4087
          }
        },
        {
          "type": "BlueHome",
          "scores": {
            "red": 286,
            "blue": 2484,
            "green": 634
          }
        },
        {
          "type": "GreenHome",
          "scores": {
            "red": 203,
            "blue": 448,
            "green": 2618
          }
        },
        {
          "type": "RedHome",
          "scores": {
            "red": 1271,
            "blue": 1665,
            "green": 47
          }
        }
      ]
    },
    {
      "id": 75,
      "scores": {
        "red": 4731,
        "blue": 3627,
        "green": 5796
      },
      "map_scores": [
        {
          "type": "Center",
          "scores": {
            "red": 1364,
            "blue": 815,
            "green": 3279
          }
        },
        {
          "type": "BlueHome",
          "scores": {
            "red": 406,
            "blue": 2352,
            "green": 403
          }
        },
        {
          "type": "GreenHome",
          "scores": {
            "red": 682,
            "blue": 203,
            "green": 2052
          }
        },
        {
          "type": "RedHome",
          "scores": {
            "red": 2279,
            "blue": 257,
            "green": 62
          }
        }
      ]
    },
    {
      "id": 76,
      "scores": {
        "red": 5163,
        "blue": 4160,
        "green": 5669
      },
      "map_scores": [
        {
          "type": "Center",
          "scores": {
            "red": 1725,
            "blue": 1198,
            "green": 3218
          }
        },
        {
          "type": "BlueHome",
          "scores": {
            "red": 193,
            "blue": 2823,
            "green": 143
          }
        },
        {
          "type": "GreenHome",
          "scores": {
            "red": 328,
            "blue": 77,
            "green": 2253
          }
        },
        {
          "type": "RedHome",
          "scores": {
            "red": 2917,
            "blue": 62,
            "green": 55
          }
        }
      ]
    },
    {
      "id": 77,
      "scores": {
        "red": 5476,
        "blue": 3456,
        "green": 5798
      },
      "map_scores": [
        {
          "type": "Center",
          "scores": {
            "red": 1976,
            "blue": 453,
            "green": 3396
          }
        },
        {
          "type": "BlueHome",
          "scores": {
            "red": 311,
            "blue": 2508,
            "green": 172
          }
        },
        {
          "type": "GreenHome",
          "scores": {
            "red": 373,
            "blue": 159,
            "green": 2146
          }
        },
        {
          "type": "RedHome",
          "scores": {
            "red": 2816,
            "blue": 336,
            "green": 84
          }
        }
      ]
    },
    {
      "id": 78,
      "scores": {
        "red": 5790,
        "blue": 4108,
        "green": 5199
      },
      "map_scores": [
        {
          "type": "Center",
          "scores": {
            "red": 1971,
            "blue": 1138,
            "green": 2963
          }
        },
        {
          "type": "BlueHome",
          "scores": {
            "red": 203,
            "blue": 2653,
            "green": 96
          }
        },
        {
          "type": "GreenHome",
          "scores": {
            "red": 602,
            "blue": 198,
            "green": 2115
          }
        },
        {
          "type": "RedHome",
          "scores": {
            "red": 3014,
            "blue": 119,
            "green": 25
          }
        }
      ]
    },
    {
      "id": 79,
      "scores": {
        "red": 491,
        "blue": 399,
        "green": 498
      },
      "map_scores": [
        {
          "type": "Center",
          "scores": {
            "red": 163,
            "blue": 137,
            "green": 250
          }
        },
        {
          "type": "BlueHome",
          "scores": {
            "red": 16,
            "blue": 225,
            "green": 18
          }
        },
        {
          "type": "GreenHome",
          "scores": {
            "red": 22,
            "blue": 33,
            "green": 230
          }
        },
        {
          "type": "RedHome",
          "scores": {
            "red": 290,
            "blue": 4,
            "green": 0
          }
        }
      ]
    }
  ],
  "maps": [
    {
      "id": 38,
      "type": "Center",
      "scores": {
        "red": 126452,
        "blue": 121360,
        "green": 276600
      },
      "bonuses": [],
      "objectives": [
        {
          "id": "38-20",
          "type": "Tower",
          "owner": "Red",
          "last_flipped": "2017-04-13T08:34:51Z",
          "claimed_by": "60859C9F-285A-E511-A5A9-AC162DAE5A05",
          "claimed_at": "2017-04-14T02:05:26Z",
          "points_tick": 10,
          "points_capture": 10,
          "yaks_delivered": 140,
          "guild_upgrades": [
            583,
            483,
            513,
            399
          ]
        },
        {
          "id": "38-10",
          "type": "Camp",
          "owner": "Green",
          "last_flipped": "2017-04-14T13:49:43Z",
          "claimed_by": "F02BD703-C513-E611-80D4-E4115BE8E905",
          "claimed_at": "2017-04-14T13:49:49Z",
          "points_tick": 3,
          "points_capture": 3,
          "yaks_delivered": 26,
          "guild_upgrades": []
        },
        {
          "id": "38-9",
          "type": "Castle",
          "owner": "Green",
          "last_flipped": "2017-04-13T19:35:16Z",
          "claimed_by": "E3CAA93B-8A51-42C3-99C3-3517311B023E",
          "claimed_at": "2017-04-13T19:35:21Z",
          "points_tick": 30,
          "points_capture": 30,
          "yaks_delivered": 140,
          "guild_upgrades": [
            168,
            147,
            298,
            389
          ]
        },
        {
          "id": "38-4",
          "type": "Camp",
          "owner": "Blue",
          "last_flipped": "2017-04-14T14:09:24Z",
          "claimed_by": "8E213080-CA81-4CB4-BA53-C5AE38620CD6",
          "claimed_at": "2017-04-14T14:11:10Z",
          "points_tick": 2,
          "points_capture": 2,
          "yaks_delivered": 0,
          "guild_upgrades": []
        },
        {
          "id": "38-6",
          "type": "Camp",
          "owner": "Green",
          "last_flipped": "2017-04-14T14:06:25Z",
          "claimed_by": null,
          "claimed_at": null,
          "points_tick": 2,
          "points_capture": 2,
          "yaks_delivered": 0,
          "guild_upgrades": []
        },
        {
          "id": "38-11",
          "type": "Tower",
          "owner": "Green",
          "last_flipped": "2017-04-13T11:36:30Z",
          "claimed_by": "A801D1FD-7E71-E411-BB46-80C16E7C6D65",
          "claimed_at": "2017-04-13T12:26:01Z",
          "points_tick": 10,
          "points_capture": 10,
          "yaks_delivered": 140,
          "guild_upgrades": [
            583
          ]
        },
        {
          "id": "38-5",
          "type": "Camp",
          "owner": "Red",
          "last_flipped": "2017-04-14T14:04:46Z",
          "claimed_by": null,
          "claimed_at": null,
          "points_tick": 2,
          "points_capture": 2,
          "yaks_delivered": 11,
          "guild_upgrades": []
        },
        {
          "id": "38-12",
          "type": "Tower",
          "owner": "Green",
          "last_flipped": "2017-04-13T12:27:41Z",
          "claimed_by": "A854A904-99C2-E411-BE98-E4115BDFC985",
          "claimed_at": "2017-04-13T12:30:57Z",
          "points_tick": 10,
          "points_capture": 10,
          "yaks_delivered": 140,
          "guild_upgrades": [
            583,
            513
          ]
        },
        {
          "id": "38-16",
          "type": "Tower",
          "owner": "Blue",
          "last_flipped": "2017-04-14T13:01:34Z",
          "claimed_by": "E371F962-79A0-45F7-8FFF-5A928B6BF553",
          "claimed_at": "2017-04-14T13:24:48Z",
          "points_tick": 6,
          "points_capture": 6,
          "yaks_delivered": 43,
          "guild_upgrades": []
        },
        {
          "id": "38-8",
          "type": "Camp",
          "owner": "Blue",
          "last_flipped": "2017-04-14T14:05:53Z",
          "claimed_by": "3E816129-CBC4-4AB7-8CFF-5DFE2BC08BEC",
          "claimed_at": "2017-04-14T14:05:56Z",
          "points_tick": 2,
          "points_capture": 2,
          "yaks_delivered": 4,
          "guild_upgrades": []
        },
        {
          "id": "38-1",
          "type": "Keep",
          "owner": "Red",
          "last_flipped": "2017-04-13T09:01:35Z",
          "claimed_by": "ACFEC444-156C-4480-898A-5E4FDECC738F",
          "claimed_at": "2017-04-13T10:56:18Z",
          "points_tick": 20,
          "points_capture": 20,
          "yaks_delivered": 140,
          "guild_upgrades": [
            418,
            147,
            483,
            178,
            399,
            389
          ]
        },
        {
          "id": "38-22",
          "type": "Tower",
          "owner": "Blue",
          "last_flipped": "2017-04-14T12:11:09Z",
          "claimed_by": "45022F3C-E792-E511-8D0D-AC162DAE8ACD",
          "claimed_at": "2017-04-14T12:58:48Z",
          "points_tick": 6,
          "points_capture": 6,
          "yaks_delivered": 21,
          "guild_upgrades": []
        },
        {
          "id": "38-17",
          "type": "Tower",
          "owner": "Red",
          "last_flipped": "2017-04-14T10:35:09Z",
          "claimed_by": "FA6985FA-FCA6-4527-81E3-6EACFFB6C071",
          "claimed_at": "2017-04-14T10:36:28Z",
          "points_tick": 6,
          "points_capture": 6,
          "yaks_delivered": 50,
          "guild_upgrades": []
        },
        {
          "id": "38-14",
          "type": "Tower",
          "owner": "Green",
          "last_flipped": "2017-04-14T07:45:58Z",
          "claimed_by": "6035E9B0-D06E-E411-A8E7-AC162DAE5A05",
          "claimed_at": "2017-04-14T09:34:03Z",
          "points_tick": 8,
          "points_capture": 8,
          "yaks_delivered": 121,
          "guild_upgrades": [
            583
          ]
        },
        {
          "id": "38-19",
          "type": "Tower",
          "owner": "Red",
          "last_flipped": "2017-04-14T10:04:06Z",
          "claimed_by": "D54D26FB-BC25-4BAD-AC93-C936F6C20EF3",
          "claimed_at": "2017-04-14T12:09:32Z",
          "points_tick": 8,
          "points_capture": 8,
          "yaks_delivered": 112,
          "guild_upgrades": [
            583,
            513
          ]
        },
        {
          "id": "38-3",
          "type": "Keep",
          "owner": "Green",
          "last_flipped": "2017-04-08T02:03:39Z",
          "claimed_by": "239F7382-9E2F-E511-A5A9-AC162DAE5A05",
          "claimed_at": "2017-04-08T02:04:14Z",
          "points_tick": 20,
          "points_capture": 20,
          "yaks_delivered": 140,
          "guild_upgrades": [
            418,
            147,
            559,
            178,
            590,
            389
          ]
        },
        {
          "id": "38-18",
          "type": "Tower",
          "owner": "Red",
          "last_flipped": "2017-04-14T10:10:52Z",
          "claimed_by": "C1DE6636-6C37-453A-96A2-E54DA305C625",
          "claimed_at": "2017-04-14T12:29:04Z",
          "points_tick": 6,
          "points_capture": 6,
          "yaks_delivered": 49,
          "guild_upgrades": []
        },
        {
          "id": "38-21",
          "type": "Tower",
          "owner": "Blue",
          "last_flipped": "2017-04-14T13:35:29Z",
          "claimed_by": "19DEA814-C307-45CD-AAE7-DD7D044A4DA4",
          "claimed_at": "2017-04-14T13:52:22Z",
          "points_tick": 4,
          "points_capture": 4,
          "yaks_delivered": 7,
          "guild_upgrades": []
        },
        {
          "id": "38-2",
          "type": "Keep",
          "owner": "Blue",
          "last_flipped": "2017-04-14T12:06:17Z",
          "claimed_by": "90D96902-657A-4CC6-A8FC-CD66C0BB969C",
          "claimed_at": "2017-04-14T12:58:49Z",
          "points_tick": 16,
          "points_capture": 16,
          "yaks_delivered": 65,
          "guild_upgrades": []
        },
        {
          "id": "38-7",
          "type": "Camp",
          "owner": "Blue",
          "last_flipped": "2017-04-14T12:55:38Z",
          "claimed_by": "7FD50112-859D-E411-8290-AC162DAE0BED",
          "claimed_at": "2017-04-14T13:28:01Z",
          "points_tick": 4,
          "points_capture": 4,
          "yaks_delivered": 104,
          "guild_upgrades": []
        },
        {
          "id": "38-13",
          "type": "Tower",
          "owner": "Green",
          "last_flipped": "2017-04-13T11:35:13Z",
          "claimed_by": "A13157AA-0128-4F8F-BD99-EC0F14AF20B5",
          "claimed_at": "2017-04-13T11:58:31Z",
          "points_tick": 10,
          "points_capture": 10,
          "yaks_delivered": 140,
          "guild_upgrades": [
            583
          ]
        },
        {
          "id": "38-15",
          "type": "Tower",
          "owner": "Blue",
          "last_flipped": "2017-04-14T12:58:05Z",
          "claimed_by": "D5D6A98C-5757-E611-80D4-E4115BEBA648",
          "claimed_at": "2017-04-14T12:58:24Z",
          "points_tick": 6,
          "points_capture": 6,
          "yaks_delivered": 31,
          "guild_upgrades": []
        }
      ],
      "deaths": {
        "red": 20799,
        "blue": 17852,
        "green": 11360
      },
      "kills": {
        "red": 8014,
        "blue": 7131,
        "green": 34185
      }
    },
    {
      "id": 96,
      "type": "BlueHome",
      "scores": {
        "red": 32661,
        "blue": 174454,
        "green": 32135
      },
      "bonuses": [
        {
          "type": "Bloodlust",
          "owner": "Blue"
        }
      ],
      "objectives": [
        {
          "id": "96-53",
          "type": "Camp",
          "owner": "Red",
          "last_flipped": "2017-04-14T14:03:22Z",
          "claimed_by": "C1DE6636-6C37-453A-96A2-E54DA305C625",
          "claimed_at": "2017-04-14T14:04:35Z",
          "points_tick": 2,
          "points_capture": 2,
          "yaks_delivered": 0,
          "guild_upgrades": []
        },
        {
          "id": "96-40",
          "type": "Tower",
          "owner": "Blue",
          "last_flipped": "2017-04-14T10:23:44Z",
          "claimed_by": null,
          "claimed_at": null,
          "points_tick": 6,
          "points_capture": 6,
          "yaks_delivered": 39,
          "guild_upgrades": []
        },
        {
          "id": "96-35",
          "type": "Tower",
          "owner": "Red",
          "last_flipped": "2017-04-14T14:11:31Z",
          "claimed_by": "A7A59406-CC8A-E611-80DA-101F7433AF15",
          "claimed_at": "2017-04-14T14:11:45Z",
          "points_tick": 4,
          "points_capture": 4,
          "yaks_delivered": 0,
          "guild_upgrades": []
        },
        {
          "id": "96-36",
          "type": "Tower",
          "owner": "Blue",
          "last_flipped": "2017-04-14T11:15:17Z",
          "claimed_by": null,
          "claimed_at": null,
          "points_tick": 6,
          "points_capture": 6,
          "yaks_delivered": 51,
          "guild_upgrades": []
        },
        {
          "id": "96-33",
          "type": "Keep",
          "owner": "Blue",
          "last_flipped": "2017-04-13T16:00:16Z",
          "claimed_by": "3E816129-CBC4-4AB7-8CFF-5DFE2BC08BEC",
          "claimed_at": "2017-04-13T16:00:19Z",
          "points_tick": 20,
          "points_capture": 20,
          "yaks_delivered": 140,
          "guild_upgrades": [
            418,
            483,
            178
          ]
        },
        {
          "id": "96-111",
          "type": "Spawn",
          "owner": "Blue",
          "last_flipped": "2017-04-08T02:03:40Z",
          "points_tick": 0,
          "points_capture": 0
        },
        {
          "id": "96-64",
          "type": "Ruins",
          "owner": "Neutral",
          "last_flipped": "2017-04-14T10:46:50Z",
          "points_tick": 0,
          "points_capture": 0
        },
        {
          "id": "96-39",
          "type": "Camp",
          "owner": "Blue",
          "last_flipped": "2017-04-14T12:36:38Z",
          "claimed_by": null,
          "claimed_at": null,
          "points_tick": 4,
          "points_capture": 4,
          "yaks_delivered": 74,
          "guild_upgrades": []
        },
        {
          "id": "96-52",
          "type": "Camp",
          "owner": "Blue",
          "last_flipped": "2017-04-14T13:16:45Z",
          "claimed_by": null,
          "claimed_at": null,
          "points_tick": 3,
          "points_capture": 3,
          "yaks_delivered": 36,
          "guild_upgrades": []
        },
        {
          "id": "96-66",
          "type": "Ruins",
          "owner": "Neutral",
          "last_flipped": "2017-04-14T06:07:13Z",
          "points_tick": 0,
          "points_capture": 0
        },
        {
          "id": "96-112",
          "type": "Spawn",
          "owner": "Red",
          "last_flipped": "2017-04-08T02:03:40Z",
          "points_tick": 0,
          "points_capture": 0
        },
        {
          "id": "96-34",
          "type": "Camp",
          "owner": "Green",
          "last_flipped": "2017-04-14T13:44:21Z",
          "claimed_by": null,
          "claimed_at": null,
          "points_tick": 2,
          "points_capture": 2,
          "yaks_delivered": 0,
          "guild_upgrades": []
        },
        {
          "id": "96-32",
          "type": "Keep",
          "owner": "Blue",
          "last_flipped": "2017-04-13T16:17:15Z",
          "claimed_by": "D5D6A98C-5757-E611-80D4-E4115BEBA648",
          "claimed_at": "2017-04-13T16:18:18Z",
          "points_tick": 20,
          "points_capture": 20,
          "yaks_delivered": 140,
          "guild_upgrades": [
            418,
            147,
            559,
            178,
            590,
            389
          ]
        },
        {
          "id": "96-62",
          "type": "Ruins",
          "owner": "Neutral",
          "last_flipped": "2017-04-14T13:33:00Z",
          "points_tick": 0,
          "points_capture": 0
        },
        {
          "id": "96-51",
          "type": "Camp",
          "owner": "Blue",
          "last_flipped": "2017-04-14T12:47:09Z",
          "claimed_by": null,
          "claimed_at": null,
          "points_tick": 3,
          "points_capture": 3,
          "yaks_delivered": 38,
          "guild_upgrades": []
        },
        {
          "id": "96-37",
          "type": "Keep",
          "owner": "Blue",
          "last_flipped": "2017-04-09T17:59:30Z",
          "claimed_by": "322E2EFA-1F21-4B5F-80AE-A8D8F332FC68",
          "claimed_at": "2017-04-09T18:02:52Z",
          "points_tick": 20,
          "points_capture": 20,
          "yaks_delivered": 140,
          "guild_upgrades": [
            418,
            147,
            483,
            178,
            345,
            389
          ]
        },
        {
          "id": "96-103",
          "type": "Spawn",
          "owner": "Green",
          "last_flipped": "2017-04-08T02:03:40Z",
          "points_tick": 0,
          "points_capture": 0
        },
        {
          "id": "96-65",
          "type": "Ruins",
          "owner": "Neutral",
          "last_flipped": "2017-04-14T06:21:36Z",
          "points_tick": 0,
          "points_capture": 0
        },
        {
          "id": "96-38",
          "type": "Tower",
          "owner": "Blue",
          "last_flipped": "2017-04-13T15:48:19Z",
          "claimed_by": "BBA16279-7D15-4694-85B4-04AF8356AD79",
          "claimed_at": "2017-04-13T16:01:15Z",
          "points_tick": 10,
          "points_capture": 10,
          "yaks_delivered": 140,
          "guild_upgrades": [
            583
          ]
        },
        {
          "id": "96-50",
          "type": "Camp",
          "owner": "Green",
          "last_flipped": "2017-04-14T13:58:35Z",
          "claimed_by": "DB126F80-DC37-E411-BE98-E4115BDFC985",
          "claimed_at": "2017-04-14T13:58:37Z",
          "points_tick": 2,
          "points_capture": 2,
          "yaks_delivered": 0,
          "guild_upgrades": []
        },
        {
          "id": "96-63",
          "type": "Ruins",
          "owner": "Neutral",
          "last_flipped": "2017-04-14T08:02:58Z",
          "points_tick": 0,
          "points_capture": 0
        }
      ],
      "deaths": {
        "red": 4712,
        "blue": 7437,
        "green": 2723
      },
      "kills": {
        "red": 3688,
        "blue": 3982,
        "green": 6663
      }
    },
    {
      "id": 95,
      "type": "GreenHome",
      "scores": {
        "red": 43707,
        "blue": 31601,
        "green": 151014
      },
      "bonuses": [
        {
          "type": "Bloodlust",
          "owner": "Green"
        }
      ],
      "objectives": [
        {
          "id": "95-53",
          "type": "Camp",
          "owner": "Green",
          "last_flipped": "2017-04-14T14:05:59Z",
          "claimed_by": null,
          "claimed_at": null,
          "points_tick": 2,
          "points_capture": 2,
          "yaks_delivered": 2,
          "guild_upgrades": []
        },
        {
          "id": "95-40",
          "type": "Tower",
          "owner": "Green",
          "last_flipped": "2017-04-12T10:50:08Z",
          "claimed_by": "29877BDC-3536-463F-9F6D-AFFDDD44C6F4",
          "claimed_at": "2017-04-12T12:31:36Z",
          "points_tick": 10,
          "points_capture": 10,
          "yaks_delivered": 140,
          "guild_upgrades": [
            583,
            147,
            178,
            389
          ]
        },
        {
          "id": "95-35",
          "type": "Tower",
          "owner": "Green",
          "last_flipped": "2017-04-14T14:11:50Z",
          "claimed_by": "275261BA-68DA-E411-AA47-80C16E7C6D65",
          "claimed_at": "2017-04-14T14:12:27Z",
          "points_tick": 4,
          "points_capture": 4,
          "yaks_delivered": 0,
          "guild_upgrades": []
        },
        {
          "id": "95-36",
          "type": "Tower",
          "owner": "Green",
          "last_flipped": "2017-04-14T14:08:35Z",
          "claimed_by": null,
          "claimed_at": null,
          "points_tick": 4,
          "points_capture": 4,
          "yaks_delivered": 2,
          "guild_upgrades": []
        },
        {
          "id": "95-33",
          "type": "Keep",
          "owner": "Green",
          "last_flipped": "2017-04-14T13:33:30Z",
          "claimed_by": "6035E9B0-D06E-E411-A8E7-AC162DAE5A05",
          "claimed_at": "2017-04-14T13:33:49Z",
          "points_tick": 8,
          "points_capture": 8,
          "yaks_delivered": 9,
          "guild_upgrades": []
        },
        {
          "id": "95-111",
          "type": "Spawn",
          "owner": "Green",
          "last_flipped": "2017-04-08T02:03:40Z",
          "points_tick": 0,
          "points_capture": 0
        },
        {
          "id": "95-64",
          "type": "Ruins",
          "owner": "Neutral",
          "last_flipped": "2017-04-14T06:15:22Z",
          "points_tick": 0,
          "points_capture": 0
        },
        {
          "id": "95-39",
          "type": "Camp",
          "owner": "Green",
          "last_flipped": "2017-04-14T14:02:30Z",
          "claimed_by": null,
          "claimed_at": null,
          "points_tick": 2,
          "points_capture": 2,
          "yaks_delivered": 4,
          "guild_upgrades": []
        },
        {
          "id": "95-52",
          "type": "Camp",
          "owner": "Green",
          "last_flipped": "2017-04-14T14:02:12Z",
          "claimed_by": null,
          "claimed_at": null,
          "points_tick": 2,
          "points_capture": 2,
          "yaks_delivered": 1,
          "guild_upgrades": []
        },
        {
          "id": "95-66",
          "type": "Ruins",
          "owner": "Neutral",
          "last_flipped": "2017-04-14T10:00:31Z",
          "points_tick": 0,
          "points_capture": 0
        },
        {
          "id": "95-112",
          "type": "Spawn",
          "owner": "Blue",
          "last_flipped": "2017-04-08T02:03:40Z",
          "points_tick": 0,
          "points_capture": 0
        },
        {
          "id": "95-34",
          "type": "Camp",
          "owner": "Blue",
          "last_flipped": "2017-04-14T14:10:12Z",
          "claimed_by": null,
          "claimed_at": null,
          "points_tick": 2,
          "points_capture": 2,
          "yaks_delivered": 0,
          "guild_upgrades": []
        },
        {
          "id": "95-32",
          "type": "Keep",
          "owner": "Green",
          "last_flipped": "2017-04-12T13:12:48Z",
          "claimed_by": "BCC4B433-D647-429A-B875-714172AB13BE",
          "claimed_at": "2017-04-13T13:31:45Z",
          "points_tick": 20,
          "points_capture": 20,
          "yaks_delivered": 140,
          "guild_upgrades": [
            418,
            147,
            483,
            178,
            399,
            389
          ]
        },
        {
          "id": "95-62",
          "type": "Ruins",
          "owner": "Neutral",
          "last_flipped": "2017-04-14T13:02:42Z",
          "points_tick": 0,
          "points_capture": 0
        },
        {
          "id": "95-51",
          "type": "Camp",
          "owner": "Blue",
          "last_flipped": "2017-04-14T14:07:27Z",
          "claimed_by": null,
          "claimed_at": null,
          "points_tick": 2,
          "points_capture": 2,
          "yaks_delivered": 0,
          "guild_upgrades": []
        },
        {
          "id": "95-37",
          "type": "Keep",
          "owner": "Green",
          "last_flipped": "2017-04-10T10:34:31Z",
          "claimed_by": "76D6654A-806A-4E77-AB4D-4F7661024D79",
          "claimed_at": "2017-04-14T02:10:37Z",
          "points_tick": 20,
          "points_capture": 20,
          "yaks_delivered": 140,
          "guild_upgrades": [
            418,
            147,
            483,
            178,
            399,
            389
          ]
        },
        {
          "id": "95-103",
          "type": "Spawn",
          "owner": "Red",
          "last_flipped": "2017-04-08T02:03:40Z",
          "points_tick": 0,
          "points_capture": 0
        },
        {
          "id": "95-65",
          "type": "Ruins",
          "owner": "Neutral",
          "last_flipped": "2017-04-14T09:56:47Z",
          "points_tick": 0,
          "points_capture": 0
        },
        {
          "id": "95-38",
          "type": "Tower",
          "owner": "Green",
          "last_flipped": "2017-04-14T01:31:38Z",
          "claimed_by": "DDCC5D41-298E-E511-A34A-E4115BDF481D",
          "claimed_at": "2017-04-14T01:32:01Z",
          "points_tick": 8,
          "points_capture": 8,
          "yaks_delivered": 122,
          "guild_upgrades": [
            583
          ]
        },
        {
          "id": "95-50",
          "type": "Camp",
          "owner": "Green",
          "last_flipped": "2017-04-14T14:05:11Z",
          "claimed_by": "25BC327C-3080-E411-A32A-E4115BDFA895",
          "claimed_at": "2017-04-14T14:06:00Z",
          "points_tick": 2,
          "points_capture": 2,
          "yaks_delivered": 4,
          "guild_upgrades": []
        },
        {
          "id": "95-63",
          "type": "Ruins",
          "owner": "Neutral",
          "last_flipped": "2017-04-14T13:50:52Z",
          "points_tick": 0,
          "points_capture": 0
        }
      ],
      "deaths": {
        "red": 4966,
        "blue": 4909,
        "green": 3925
      },
      "kills": {
        "red": 2918,
        "blue": 3370,
        "green": 7008
      }
    },
    {
      "id": 1099,
      "type": "RedHome",
      "scores": {
        "red": 189281,
        "blue": 31577,
        "green": 15172
      },
      "bonuses": [
        {
          "type": "Bloodlust",
          "owner": "Red"
        }
      ],
      "objectives": [
        {
          "id": "1099-116",
          "type": "Camp",
          "owner": "Red",
          "last_flipped": "2017-04-14T13:53:06Z",
          "claimed_by": null,
          "claimed_at": null,
          "points_tick": 2,
          "points_capture": 2,
          "yaks_delivered": 12,
          "guild_upgrades": []
        },
        {
          "id": "1099-118",
          "type": "Ruins",
          "owner": "Neutral",
          "last_flipped": "2017-04-14T13:56:50Z",
          "points_tick": 0,
          "points_capture": 0
        },
        {
          "id": "1099-114",
          "type": "Keep",
          "owner": "Red",
          "last_flipped": "2017-04-14T06:02:20Z",
          "claimed_by": "DAA3F73D-B573-4B76-BAA0-D275D226C78D",
          "claimed_at": "2017-04-14T06:02:23Z",
          "points_tick": 20,
          "points_capture": 20,
          "yaks_delivered": 140,
          "guild_upgrades": [
            418,
            559,
            178,
            590
          ]
        },
        {
          "id": "1099-107",
          "type": "Spawn",
          "owner": "Blue",
          "last_flipped": "2017-04-08T02:03:41Z",
          "points_tick": 0,
          "points_capture": 0
        },
        {
          "id": "1099-99",
          "type": "Camp",
          "owner": "Red",
          "last_flipped": "2017-04-14T12:03:12Z",
          "claimed_by": null,
          "claimed_at": null,
          "points_tick": 5,
          "points_capture": 5,
          "yaks_delivered": 140,
          "guild_upgrades": []
        },
        {
          "id": "1099-113",
          "type": "Keep",
          "owner": "Red",
          "last_flipped": "2017-04-14T00:25:26Z",
          "claimed_by": "8052F334-C8EA-E311-BB46-80C16E7C6D65",
          "claimed_at": "2017-04-14T00:26:29Z",
          "points_tick": 20,
          "points_capture": 20,
          "yaks_delivered": 140,
          "guild_upgrades": [
            418,
            178,
            399
          ]
        },
        {
          "id": "1099-119",
          "type": "Ruins",
          "owner": "Neutral",
          "last_flipped": "2017-04-14T13:54:16Z",
          "points_tick": 0,
          "points_capture": 0
        },
        {
          "id": "1099-115",
          "type": "Camp",
          "owner": "Red",
          "last_flipped": "2017-04-14T12:07:22Z",
          "claimed_by": null,
          "claimed_at": null,
          "points_tick": 4,
          "points_capture": 4,
          "yaks_delivered": 106,
          "guild_upgrades": []
        },
        {
          "id": "1099-110",
          "type": "Tower",
          "owner": "Red",
          "last_flipped": "2017-04-14T11:45:50Z",
          "claimed_by": null,
          "claimed_at": null,
          "points_tick": 8,
          "points_capture": 8,
          "yaks_delivered": 77,
          "guild_upgrades": []
        },
        {
          "id": "1099-106",
          "type": "Keep",
          "owner": "Red",
          "last_flipped": "2017-04-14T06:08:23Z",
          "claimed_by": "7AEF4599-861C-E511-A5A9-AC162DAE5A05",
          "claimed_at": "2017-04-14T07:26:04Z",
          "points_tick": 20,
          "points_capture": 20,
          "yaks_delivered": 140,
          "guild_upgrades": []
        },
        {
          "id": "1099-122",
          "type": "Ruins",
          "owner": "Neutral",
          "last_flipped": "2017-04-14T13:59:34Z",
          "points_tick": 0,
          "points_capture": 0
        },
        {
          "id": "1099-105",
          "type": "Tower",
          "owner": "Red",
          "last_flipped": "2017-04-14T12:23:11Z",
          "claimed_by": "B3EA43CB-C942-4475-87C0-ECF0B17E6A9F",
          "claimed_at": "2017-04-14T12:23:46Z",
          "points_tick": 6,
          "points_capture": 6,
          "yaks_delivered": 57,
          "guild_upgrades": []
        },
        {
          "id": "1099-102",
          "type": "Tower",
          "owner": "Red",
          "last_flipped": "2017-04-14T05:55:45Z",
          "claimed_by": null,
          "claimed_at": null,
          "points_tick": 10,
          "points_capture": 10,
          "yaks_delivered": 140,
          "guild_upgrades": []
        },
        {
          "id": "1099-117",
          "type": "Spawn",
          "owner": "Red",
          "last_flipped": "2017-04-08T02:03:41Z",
          "points_tick": 0,
          "points_capture": 0
        },
        {
          "id": "1099-120",
          "type": "Ruins",
          "owner": "Neutral",
          "last_flipped": "2017-04-14T13:58:10Z",
          "points_tick": 0,
          "points_capture": 0
        },
        {
          "id": "1099-109",
          "type": "Camp",
          "owner": "Red",
          "last_flipped": "2017-04-14T12:18:21Z",
          "claimed_by": null,
          "claimed_at": null,
          "points_tick": 4,
          "points_capture": 4,
          "yaks_delivered": 100,
          "guild_upgrades": []
        },
        {
          "id": "1099-101",
          "type": "Camp",
          "owner": "Red",
          "last_flipped": "2017-04-14T14:00:13Z",
          "claimed_by": null,
          "claimed_at": null,
          "points_tick": 2,
          "points_capture": 2,
          "yaks_delivered": 10,
          "guild_upgrades": []
        },
        {
          "id": "1099-121",
          "type": "Ruins",
          "owner": "Neutral",
          "last_flipped": "2017-04-14T13:55:25Z",
          "points_tick": 0,
          "points_capture": 0
        },
        {
          "id": "1099-104",
          "type": "Tower",
          "owner": "Red",
          "last_flipped": "2017-04-14T11:12:26Z",
          "claimed_by": "5FE6191F-3B7B-4EFF-8C5E-BE229F9962F2",
          "claimed_at": "2017-04-14T11:12:43Z",
          "points_tick": 8,
          "points_capture": 8,
          "yaks_delivered": 82,
          "guild_upgrades": []
        },
        {
          "id": "1099-108",
          "type": "Spawn",
          "owner": "Green",
          "last_flipped": "2017-04-08T02:03:41Z",
          "points_tick": 0,
          "points_capture": 0
        },
        {
          "id": "1099-100",
          "type": "Camp",
          "owner": "Blue",
          "last_flipped": "2017-04-14T14:09:22Z",
          "claimed_by": null,
          "claimed_at": null,
          "points_tick": 2,
          "points_capture": 2,
          "yaks_delivered": 0,
          "guild_upgrades": []
        }
      ],
      "deaths": {
        "red": 3390,
        "blue": 3208,
        "green": 1066
      },
      "kills": {
        "red": 2777,
        "blue": 2025,
        "green": 1931
      }
    }
  ]
}